rowid,date,pscis_crossing_id,my_crossing_reference,crew_members,utm_zone,easting,northing,stream_name,road_name,road_km_mark,road_tenure,crossing_type,crossing_subtype,diameter_or_span_meters,length_or_width_meters,continuous_embeddedment_yes_no,average_depth_embededdment_meters,resemble_channel_yes_no,backwatered_yes_no,percentage_backwatered,fill_depth_meters,outlet_drop_meters,outlet_pool_depth_0_01m,inlet_drop_yes_no,culvert_slope_percent,downstream_channel_width_meters,stream_slope,beaver_activity_yes_no,fish_observed_yes_no,valley_fill,habitat_value,stream_width_ratio,culvert_length_score,embed_score,outlet_drop_score,culvert_slope_score,stream_width_ratio_score,final_score,barrier_result,crossing_fix,recommended_diameter_or_span_meters,assessment_comment,source,aggregated_crossings_id,time_start,date_time_start,camera_id,site_id,gps_id,gps_waypoint_id,mot_culvert_id,utm_corrected,condition,erosion,embankment_issues,blockage_issues,condition_rank,likelihood_flood_event_affecting_culvert,consequence_flood_event_affecting_culvert,climate_change_flood_risk,vulnerability_rank,traffic_volume,community_access,cost,constructability,fish_bearing,environmental_impacts,priority_rank,overall_rank,mergin_user,photo_road,photo_upstream,photo_inlet,photo_downstream,photo_outlet,photo_barrel,photo_condition,photo_embankment,photo_blockage,photo_extra1,photo_extra2,photo_extra1_tag,photo_extra2_tag,condition_notes,climate_notes,priority_notes,surveyor_1,surveyor_2,surveyor_3,gps_waypoint_number,habitat_comment,erosion_issues,embankment_fill_issues,photo_embankment_fill
NA,2022-09-09T07:00:00Z,NA,8300178,newgraph_airvine,9,558773.2057464429,6126523.31011327,Tributary to Kitwanga River,11A Ave,NA,MoTi,CBS,ROUND,1.3,9,No,NA,NA,NA,NA,1,0,0.2,Yes,1,4,0,Yes,NA,Deep Fill,MEDIUM,NA,0,0,0,0,0,NA,NA,NA,NA, There are actually two pipes that are 0.65 cm. One pipe has a extension into the Beaverdam located immediately upstream of the inlet. This stream is not in the map location as it is located upstream via the Kitwanga River approximately 250 m.,NA,NA,NA,2022-09-09T19:31:04Z,newgraph_airvine,NA,newgraph_airvine,NA,62794035,Yes,NA,NA,NA,2,3,4,1,4,7,1,1,1,9,10,9,31,38,newgraph_airvine,20220909_124017.jpg,20220909_124025.jpg,20220909_124035.jpg,20220909_124044.jpg,20220909_124040.jpg,20220909_124019.jpg,NA,NA,20220909_124115.jpg,20220909_124118.jpg,20220909_124150.jpg,Pipe above inlet,Dredging upstream , 1 m high Beaverdam immediately upstream in the inlet. Left pipe has extension on it going underneath the Beaverdam. Inlet appears to have been recently dug out to three blockage issues. There is a old piece of culvert sticking out upstream of the Beaverdam dam.,Hello large flow events would likely overwhelm the culvert there is multiple access points to the community so it could be repaired.          ," Although there is a fiss samp          Although there is a fiss sample site downstream there is no fisheries information for the system. However, because it is so close to the kit Waldo river fish presents downstream is assured. le site downstream there is no fisheries information for the system. However, because it is so close to the kit Waldo river fish presents downstream is assured.",newgraph_airvine,NA,NA,64,Beaver influence wetland upstream and slow moving organic substrate channel downstream on floodplain of the Kitwanga.      This could be good rearing habitat for juvenile salmon from the Kit Wonger River.          ,1,1,20220909_124102.jpg
NA,2022-09-16T07:00:00Z,NA,2022091601,newgraph_airvine,9,981207.168826941,5797256.816940275,5 Mile Creek,Highway 97,NA,MoTi,CBS,ROUND,2.25,55,No,0.8,Yes,NA,NA,8,0,0.1,NA,3,2.1,5,NA,NA,Deep Fill,MEDIUM,NA,0,0,0,0,0,NA,NA,NA,NA, Outlet of the culvert is embedded 80 cm. It is only the top 2 1/2 m of pipe that is not fully embedded with natural substrate. Although this call hurt me the score as a barrier from the Provincial metric conditions within the pipe are very similar to Outlet of the culvert is embedded 80 cm. It is only the top 2 1/2 m of pipe that is not fully embedded with natural substrate. Although this culvert may score as a barrier from the Provincial metric conditions within the pipe are very similar to what we see upstream within the step pool channel.     ,NA,NA,NA,2022-09-17T01:39:41Z,newgraph_airvine,NA,newgraph_airvine,NA,NA,NA,NA,NA,NA,NA,NA,NA,NA,NA,NA,NA,NA,NA,NA,NA,NA,NA,NA,newgraph_airvine,20220916_192838.jpg,20220916_193020.jpg,20220916_192859.jpg,20220916_192917.jpg,20220916_192904.jpg,20220916_192845.jpg,NA,NA,NA,20220916_192923.jpg,20220916_192939.jpg,Algae upstream,60cm debris jam upstream ,NA,NA,NA,newgraph_airvine,NA,NA,82,extremely high turbidity and the significant amounts of algae within the channel indicate that there are cattle related impacts upstream.          ,NA,NA,NA
NA,2022-08-30T20:37:18Z,NA,1805507,newgraph_airvine,9,645034.0022372806,6033148.398311838,Stock Creek,CN Rail,91,CN,CBS,CRTBOX,2.5,14.5,Yes,0.4,Yes,Yes,100,0.5,0,0.2,NA,0,2.5,0,Yes,Yes,DF,MEDIUM,NA,NA,NA,NA,NA,NA,NA,NA,NA,NA, Fully back watered and embedded concrete blocks structure on the Railway. Not a fish passage issue at this time.          ,NA,NA,NA,2022-08-30T20:37:18Z,newgraph_airvine,NA,newgraph_airvine,26,NA,NA,NA,NA,NA,NA,NA,NA,NA,NA,NA,NA,NA,NA,NA,NA,NA,NA,NA,newgraph_airvine,20220830_135815.jpg,20220830_135822.jpg,20220830_134858.jpg,20220830_134907.jpg,20220830_134903.jpg,20220830_135818.jpg,NA,NA,NA,NA,NA,NA,NA,NA,NA,NA,NA,NA,NA,NA,NA,NA,NA,NA
NA,2022-09-08T07:00:00Z,NA,8300054,newgraph_airvine,9,583025.51612117,6130401.849903049,Tributary to Skeena River ,Kispiox Valley Road ,NA,MoTi,CBS,ROUND,2,24,Yes,0.2,Yes,Yes,95,3,0,0.8,Yes,0.5,NA,NA,Yes,Yes,Deeef Fil,HIGH,NA,0,0,0,0,0,NA,NA,NA,NA,Culvert appears very old and near end of life. Flow is moving between the 21 m pipes. Trash rack on inlet would be barrier to coho moving up to spawn.          ,NA,NA,NA,2022-09-08T18:02:05Z,newgraph_airvine,NA,newgraph_airvine,NA,62676967,No,NA,NA,NA,2,3,1,4,4,7,8,10,2,2,10,9,41,48,newgraph_airvine,20220908_111324.jpg,20220908_111334.jpg,20220908_111338.jpg,20220908_111348.jpg,20220908_111343.jpg,20220908_111328.jpg,NA,NA,20220908_111403.jpg,20220908_112203.jpg,NA,Gravels upstream ,NA, Large amount of flow is going in between the two pipes and not through them. Trash guards on inlets are quite damaged. Beaverdam’s immediately down stream. Roadfill material is made of road barriers. Pipes in bad shape,Significant amounts of water moving through here and this highway is a major Corredor for people living in Kispiox and associated valley upstream.           ,NA,newgraph_airvine,NA,NA,58,Extensive gravels upstream suitable for spawning. Good flow and nice looking stream. Colin Morrison reports sampling was conducted with Coho captured downstream of Beaverdam complex and no fish captured upstream.          ,1,1,NA
NA,2022-09-09T07:00:00Z,NA,8300188,MateoW,9,558317.007500636,6127315.824757395,Trib to Kitwanga River,Hwy 37,NA,NA,CBS,ROUND,1.2,14,Yes,0.25,Yes,Yes,100,1.5,0.1,0.15,NA,1,1.8,2,NA,NA,Deep Fill,LOW,NA,0,0,0,0,0,NA,NA,NA,NA,"Dewatered downstream, but there's water in the culvert. Water upstream, opens up to big wetland and floodplain.",NA,NA,NA,2022-09-09T19:45:07Z,MateoW,NA,MateoW,NA,62794168,NA,NA,NA,NA,1,2,3,5,15,17,9,8,2,4,0,4,27,44,MateoW,photos/TimePhoto_20220909_122029.jpg,photos/TimePhoto_20220909_123026.jpg,photos/TimePhoto_20220909_122350.jpg,photos/TimePhoto_20220909_121816.jpg,photos/TimePhoto_20220909_121227.jpg,photos/TimePhoto_20220909_121245.jpg,photos/TimePhoto_20220909_121249.jpg,NA,NA,photos/TimePhoto_20220909_123328.jpg,NA,Wetland upstream,NA,NA,NA,NA,MateoW,NA,NA,88,NA,1,1,NA
NA,2022-08-29T17:40:34Z,197653,NA,tieasha.pierre,9,665525.1229597195,6044125.583525857,Perow Creek,Highway 16,NA,NA,CBS,OVAL,2.3,17.5,Yes,1,Yes,NA,NA,0.5,0,0,NA,1.5,4.6,3,No,No,DF,MEDIUM,NA,NA,NA,NA,NA,NA,NA,NA,NA,NA,Stream was dry at time of survey but had water last year during extremely dry ear. There is private land residential development impacting the stream with the constricted channel with a large chunks of coffee just as rip rap throughout          ,NA,NA,NA,2022-08-29T17:40:34Z,NR2,NA,AI,21,62709340,Yes,2,1,1,1,2,3,3,9,11,10,5,3,3,10,8,39,50,tieasha.pierre,20220829_115808.jpg,20220829_115827.jpg,20220829_115832.jpg,20220829_115847.jpg,20220829_115841.jpg,20220829_115817.jpg,NA,NA,NA,NA,NA,NA,NA,Decent with some minor metal damage, Decently large size watershed with the covert very embedded so some risk of blockage before large release of flows upstream potentially related to Beaverdam. On Highway 16 so interruptions of the highway Corredor would be a high consequence. Railway and a house or two is located downstream       ,NA,NA,NA,NA,NA,NA,NA,NA,NA
NA,2022-08-31T20:09:50Z,123392,NA,MateoW,9,638553.3505109992,6054801.843127167,Lemieux Creek,Quick school road,NA,NA,CBS,ROUND,1.15,11.5,Yes,0.05,No,NA,NA,0.75,0,0.5,NA,1,3.6,1.5,NA,NA,DF,LOW,NA,NA,NA,NA,NA,NA,NA,NA,NA,NA,"Passable crossing, deep outlet pool but the stream dewaters after the pool. ",NA,NA,NA,2022-08-31T20:09:50Z,MateoW,NA,MateoW,49,62815993,NA,1,0,1,1,2,1,1,1,3,2,1,4,10,10,NA,NA,NA,MateoW,photos/TimePhoto_20220831_130911.jpg,photos/TimePhoto_20220831_131804.jpg,photos/TimePhoto_20220831_131754.jpg,photos/TimePhoto_20220831_132041.jpg,photos/TimePhoto_20220831_132031.jpg,photos/TimePhoto_20220831_131902.jpg,NA,NA,NA,NA,NA,NA,NA,NA,NA,NA,NA,NA,NA,NA,NA,NA,NA,NA
NA,2022-09-07T07:00:00Z,NA,8301754,newgraph_bute,9,564129.639187511,6166824.121560977,Trib to cullon ,Kuldo,NA,NA,CBS,OVAL,3.9,26,Yes,0.123,Yes,NA,NA,2.5,0,0,NA,1.5,3.8,3,NA,NA,SF,HIGH,NA,NA,NA,NA,NA,NA,NA,NA,NA,NA,Baffles installed,NA,NA,NA,2022-09-07T20:38:37Z,newgraph_bute,NA,newgraph_bute,NA,NA,NA,NA,NA,NA,1,2,1,1,1,3,2,7,7,5,10,9,40,43,newgraph_bute,20220907_141840.jpg,20220907_141913.jpg,20220907_141929.jpg,20220907_141939.jpg,20220907_141937.jpg,20220907_142023.jpg,NA,NA,NA,20220907_142036.jpg,NA,Picture of baffle ,NA,Baffles and culvert in good condition,NA,NA,Jo,Ai,NA,52,NA,1,1,NA
NA,2022-09-07T07:00:00Z,NA,NA,newgraph_airvine,9,568168.5166909174,6160280.0379935345,Cullen Creek,Kuldo FSR,2.6,NA,CBS,ROUND,2.9,19,Yes,0.44,Yes,NA,NA,1,0,0,NA,3,3,5,NA,Yes,DF,HIGH,NA,NA,NA,NA,NA,NA,NA,NA,NA,NA,This culvert has been replaced with a fully embedded stream bed simulation. In good shape and functioning.          ,NA,NA,NA,2022-09-07T22:55:19Z,newgraph_airvine,NA,newgraph_airvine,NA,NA,NA,NA,NA,NA,1,2,1,1,1,3,1,7,9,9,10,10,46,49,newgraph_airvine,20220907_161155.jpg,20220907_161211.jpg,20220907_161214.jpg,20220907_161241.jpg,20220907_161238.jpg,20220907_161204.jpg,NA,NA,NA,20220907_161359.jpg,NA,Remediated signage,NA,New culvert          ,NA,NA,newgraph_airvine,NA,NA,55,Abundant gravels near crossing. Multiple parr observed.,1,1,NA
NA,2022-09-09T07:00:00Z,NA,8300012,MateoW,9,563541.5865949871,6109764.6998258075,Trib to Kitwanga River,Moore Road,NA,NA,CBS,ROUND,2.8,10,Yes,0.22,Yes,NA,NA,1,0.1,0.1,NA,0,4.3,2,NA,Yes,Deep Fill,HIGH,NA,0,0,0,0,0,NA,NA,NA,NA,Embedded with no outlet drop.,NA,NA,NA,2022-09-09T17:39:21Z,MateoW,NA,MateoW,NA,62659896,NA,NA,NA,NA,1,2,1,1,1,3,3,8,8,9,10,7,45,48,MateoW,photos/TimePhoto_20220909_102200.jpg,photos/TimePhoto_20220909_102346.jpg,photos/TimePhoto_20220909_102423.jpg,photos/TimePhoto_20220909_102621.jpg,photos/TimePhoto_20220909_102615.jpg,photos/TimePhoto_20220909_102434.jpg,NA,NA,NA,NA,NA,NA,NA,NA,NA,NA,MateoW,NA,NA,86,High value habitat. Very wide channel with fines gravels and cobbles throughout. ,1,1,NA
NA,2022-09-09T07:00:00Z,NA,8300917,MateoW,9,563869.1708949264,6109781.034396092,Trib to Kitwanga River,Moore Road,NA,NA,CBS,ROUND,1.6,7.5,Yes,0.38,Yes,NA,NA,0.7,0.1,0.2,NA,1.5,2.1,1,NA,Yes,Deep Fill,HIGH,NA,0,0,0,0,0,NA,NA,NA,NA,"Two culverts, both embedded with no drop. Fish spotted in culvert(up to 20 cm in length) and downstream. ",NA,NA,NA,2022-09-09T18:13:33Z,MateoW,NA,MateoW,NA,62659898,NA,NA,NA,NA,1,3,2,2,4,7,5,9,8,8,10,7,47,54,MateoW,photos/TimePhoto_20220909_105218.jpg,photos/TimePhoto_20220909_105428.jpg,photos/TimePhoto_20220909_111017.jpg,photos/TimePhoto_20220909_110448.jpg,photos/TimePhoto_20220909_110245.jpg,photos/TimePhoto_20220909_105442.jpg,NA,NA,NA,photos/TimePhoto_20220909_105744.jpg,NA,Erosion near outlet on road.,NA,Some bad erosion near outlet. ,NA,NA,MateoW,NA,NA,87,High value habitat with lots of cover and fines and gravels that could be suitable for spawning.,3,2,NA
NA,2022-09-09T07:00:00Z,8300090,NA,jesse olson,9,558928.2651477936,6126835.770483686,Trib to kitwanga river,Highway 37,NA,Moti,CBS,ROUND,3.8,25,Yes,2.16,Yes,NA,NA,0.23,0,0,NA,2,2.6,2,Yes,NA,Deep Fill,HIGH,NA,0,0,0,0,0,NA,NA,NA,NA,Culvert embedded resembles stream. Utm corrected 100m down road.,NA,NA,NA,2022-09-09T19:25:34Z,jesse olson,NA,jesse olson,NA,60709505,Yes,NA,NA,NA,1,2,1,2,2,4,5,3,5,4,10,5,32,36,jesse olson,20220909_125645.jpg,20220909_125723.jpg,20220909_125731.jpg,20220909_125739.jpg,20220909_125735.jpg,20220909_125656.jpg,NA,NA,NA,NA,NA,NA,NA,NA,NA,NA,jo,NA,NA,NA,Beaver activity downstream,1,1,NA
NA,2022-09-09T07:00:00Z,8301994,NA,jesse olson,9,550299.9776666177,6140708.121854228,NA,NA,NA,NA,CBS,ROUND,0.85,10,NA,NA,NA,No,NA,0.45,0.24,0.22,NA,22.3,2.3,1,NA,NA,Deep Fill,HIGH,NA,0,0,0,0,0,NA,NA,NA,NA,2 culverts side by side,NA,NA,NA,2022-09-09T21:23:18Z,jesse olson,NA,jesse olson,NA,NA,NA,NA,NA,NA,1,2,1,3,3,5,1,10,2,10,10,9,42,47,jesse olson,20220909_145528.jpg,20220909_145612.jpg,20220909_145620.jpg,20220909_145628.jpg,20220909_145624.jpg,20220909_145535.jpg,NA,NA,NA,NA,NA,NA,NA,NA,NA,Heavy beaver activity in surrounding area,jo,NA,NA,NA,Lots of beaver activity in area,1,1,NA
NA,2022-08-31T20:32:43Z,123393,NA,MateoW,9,638515.9573368968,6054721.900802599,Lemieux creek,Highway 16,NA,NA,CBS,ROUND,1.3,21.2,NA,NA,NA,Yes,90,1.5,0,0.4,NA,1,NA,NA,NA,NA,DF,LOW,NA,NA,NA,NA,NA,NA,NA,NA,NA,NA,"Very deep outlet pool. Almost fully backwatered, a little bit of flow through the culvert. But the crossing is passable.",NA,NA,NA,2022-08-31T20:32:43Z,MateoW,NA,MateoW,50,62666050,NA,2,2,1,1,2,2,2,4,6,10,4,2,3,10,3,32,38,MateoW,photos/TimePhoto_20220831_134647.jpg,photos/TimePhoto_20220831_133742.jpg,photos/TimePhoto_20220831_133228.jpg,photos/TimePhoto_20220831_133957.jpg,photos/TimePhoto_20220831_134001.jpg,photos/TimePhoto_20220831_133214.jpg,NA,NA,NA,NA,NA,NA,NA,NA,NA,NA,NA,NA,NA,NA,NA,NA,NA,NA
NA,2022-09-05T07:00:00Z,NA,8302421,newgraph_airvine,9,567222.2253323515,6154119.937283166,Tributary to Kispiox River,Helen 9000,NA,NA,CBS,ROUND,1,10,NA,NA,NA,Yes,100,0.5,0,1,NA,0,15,0,Yes,NA,DF,LOW,NA,NA,NA,NA,NA,NA,NA,NA,NA,NA, No structure visible. Beaver Ponds on both sides of the road. Diameter estimated. Large mature Beaverdam located approximately 10 m downstream of road.          ,NA,NA,NA,2022-09-05T18:02:23Z,newgraph_airvine,NA,newgraph_airvine,NA,NA,NA,NA,NA,NA,3,NA,4,1,4,NA,1,10,1,1,5,10,28,NA,newgraph_airvine,20220905_110650.jpg,20220905_110657.jpg,20220905_110707.jpg,20220905_110716.jpg,20220905_110710.jpg,20220905_110653.jpg,NA,NA,NA,NA,NA,NA,NA, Guessing that this covert is completely blocked by fever.          ,NA,NA,newgraph_airvine,NA,NA,39, No fish information available for the stream however downstream there is FISS points with Eco Cat  report links that can be looked at,0,0,NA
NA,2022-09-05T07:00:00Z,NA,2022090501,newgraph_airvine,9,573065.7422437755,6152232.084042167,Tributary to Kispiox River ,Poplar Park Rd,NA,MoTi,CBS,ROUND,NA,14.5,NA,NA,NA,Yes,50,1.5,0,0.03,Yes,1,2.2,1,Yes,NA,DF,HIGH,NA,NA,NA,NA,NA,NA,NA,NA,NA,NA,Pence Lake is located approximately 50 m upstream. Inlet of culvert is significantly damaged with metal that in words. Culvert is separating approximately halfway through the pipe – see photo. Pipe is quite corroded. Pence Lake rec site is located approximately 2 to 300 m up the road.,NA,NA,NA,2022-09-05T22:47:49Z,newgraph_airvine,NA,newgraph_airvine,NA,62798181,NA,NA,NA,NA,2,NA,1,3,3,NA,1,1,10,10,0,10,32,NA,newgraph_airvine,20220905_160257.jpg,20220905_160308.jpg,20220905_160318.jpg,NA,20220905_160324.jpg,20220905_160304.jpg,20220905_160329.jpg,NA,NA,20220905_160338.jpg,NA,Culvert separated ,NA,NA,NA,NA,newgraph_airvine,NA,NA,043, Provincial records show CO and CT observed in the lake. This is the main flow that drains the lake. There are two other culverts further to the south that appear to be connected to the same wetland complex potentially however this appears to be the connection to the Kispiox River.  Fry observed down stream. There is a large Inlet drop that would prevent fry migration upstream through the pipe.  Pipe is likely damaged from dredging culvert maintenance with machine. Evidence of dredging downstream as well.                ,1,1,NA
NA,2022-09-08T07:00:00Z,NA,8300033,newgraph_airvine,9,579936.8211331607,6144036.623709872,Tributary to Kispiox River,Seventeen Mile Road in,NA,MoTI,CBS,ROUND,0.8,13,NA,NA,NA,Yes,100,0.3,0,1,NA,0.5,2.5,0,NA,NA,Deeef Fil,MEDIUM,NA,0,0,0,0,0,NA,NA,NA,NA, Wetland a Upstream. Debris cone on inlet has separated from the culvert. Large inlet drop due to the debris caught in the inlet.,NA,NA,NA,2022-09-09T00:15:52Z,newgraph_airvine,NA,newgraph_airvine,NA,6279335,NA,NA,NA,NA,2,3,2,3,6,9,2,8,9,8,0,8,35,44,newgraph_airvine,NA,NA,NA,NA,NA,NA,NA,NA,NA,NA,NA,NA,NA,Debris catcher on the inlet is separating from the pipe and is jammed up with debris. Plastic pipe appears recently installed.          ,Only access road to several residences. Very little amount of Phil indicates that with high volume of precipitation the road would wash out.          ,No fisheries information available. Very close to the Kispiox mainstem though. Potential Crossing is located down stream on private land and could not be accessed.          ,newgraph_airvine,NA,NA,62,Likely a Coho rearing area although difficult to tell if it is deep enough and if there is enough area to support. No fish information available for the stream.          ,1,1,NA
NA,2022-08-26T07:00:00Z,NA,2022082701,newgraph_airvine,9,975957.2151808552,5998754.633340373,Kenneth Creek,Highway 5,NA,MoTi,CBS,OVAL,6,36,NA,NA,NA,NA,NA,1.5,0.45,3,NA,1,15,0.5,NA,NA,DF,HIGH,NA,NA,NA,NA,NA,NA,NA,NA,NA,NA, Dead Chinook observed upstream of the crossing. Extremely high value spawning habitat located upstream. Massive outlet pool indicating culvert is enormously undersized. Posted sign down stream of the Highway indicating that this is a salmon spawning location.,NA,NA,NA,2000-02-01T08:00:00Z,newgraph_airvine,NA,newgraph_airvine,15,NA,NA,1,5,1,1,2,5,3,15,17,10,1,8,8,10,10,47,64,newgraph_airvine,20220827_133225.jpg,20220827_133247.jpg,20220827_133252.jpg,20220827_133303.jpg,20220827_133257.jpg,20220827_133231.jpg,NA,NA,NA,20220827_133328.jpg,20220827_133418.jpg,Chinook upstream,Massive outlet pool,NA,NA,NA,NA,NA,NA,NA,NA,NA,NA,NA
NA,2022-08-27T07:00:00Z,197974,NA,newgraph_airvine,9,680375.4640705682,6040070.735268857,Watson Creek,Highway 16,NA,Moti ,CBS,ROUND,0.9,25.5,NA,NA,NA,NA,NA,3,1,1.2,NA,3.5,NA,NA,NA,NA,DF,LOW,NA,NA,NA,NA,NA,NA,NA,NA,NA,NA, Deep and large outlet pool indicate culvert is significantly undersized. Condition of the pipe is poor with corrosion and some collapsing in the middle of the pipe. 0.6 m diameter overflow pipe located adjacent to the main culvert. Some decent gravels downstream.,NA,NA,NA,2000-02-01T08:00:00Z,newgraph_airvine,NA,newgraph_airvine,19,62816250,NA,5,5,3,1,4,4,5,20,24,10,10,1,1,10,8,40,64,newgraph_airvine,20220828_161037.jpg,20220828_161048.jpg,20220828_161052.jpg,20220828_161133.jpg,20220828_161056.jpg,20220828_161041.jpg,NA,20220828_161209.jpg,NA,NA,NA,NA,NA,Covert is collapsing in the middle and is extensively eroded. Top and of the pipe is elevated from the stream bed at the Inlet. I          , Need to look at the watershed size but the size of the outlet pool and depth outlet pool indicates that there is major flow that comes through here that is not well-accommodated by the zero. 9 m pipe along with the zero. 6 m overflow which is adjacent to it,Although an extremely expensive fix this covert looks to be a threat and closer investigation is warranted.          ,NA,NA,NA,NA,NA,NA,NA,NA
NA,2022-08-29T17:36:08Z,NA,NA,tieasha.pierre,9,665520.5308665597,6044200.519011185,Perow creek,Perow loop road ,NA,NA,CBS,ROUND,2.3,28,NA,NA,NA,NA,NA,0.5,0.23,NA,NA,1.5,4.3,12,NA,NA,DF,LOW,NA,NA,NA,NA,NA,NA,NA,NA,NA,NA,NA,NA,NA,NA,2022-08-29T17:36:08Z,tieasha.pierre,NA,MW,44 ,62793459,NA,2,1,2,1,3,1,1,1,4,4,5,2,3,5,8,27,31,tieasha.pierre,20220829_115824.jpg,20220829_110303.jpg,20220829_110308.jpg,20220829_110324.jpg,20220829_110319.jpg,20220829_110257.jpg,NA,20220829_115127.jpg,NA,20220829_115116.jpg,20220829_115120.jpg,NA,NA,NA,NA,NA,NA,NA,NA,NA,NA,NA,NA,NA
NA,2022-08-30T17:25:28Z,195943,NA,newgraph_airvine AN DN,9,645436.9446043576,6035044.608072455,Stock Creek,Barrett Station Road,NA,NA,CBS,OVAL,2,14.5,NA,NA,NA,NA,NA,0.6,1.1,0.71,NA,1.5,NA,NA,NA,Yes,DF,NA,NA,NA,NA,NA,NA,NA,NA,NA,NA,NA,Very large outlet job. Low traffic road.          ,NA,NA,NA,2022-08-30T17:25:28Z,newgraph_airvine,NA,newgraph_airvine,24,62767828,NA,2,3,2,1,3,2,2,4,7,2,2,6,7,10,8,35,42,newgraph_airvine,20220830_103843.jpg,20220830_110741.jpg,20220830_110748.jpg,20220830_110828.jpg,20220830_110752.jpg,20220830_110738.jpg,NA,20220830_110911.jpg,NA,NA,NA,NA,NA,Do you know what to say extensive erosion on the right bank downstream side. Very large outlet drop and deep outlet pool indicates covert is undersized. Not a lot of corrosion on the pipe. Pipe shape is good. It’s not deformed.          ,Only really one house visible downstream of the crossing. Road appears to be low traffic volume. Agricultural fields and minimal housing downstream.          , Appears as though Hagaman Road could be used as alternative access to the community. Paved road.          ,NA,NA,NA,NA,NA,NA,NA,NA
NA,2022-08-30T21:37:08Z,195944,NA,newgraph_airvine,9,646015.1912099432,6035569.645860049,Stock Creek,Highway 16,NA,MoTi,CBS,ROUND,1.8,99,NA,NA,NA,NA,NA,9.99,1.5,0.25,NA,3.5,NA,NA,NA,NA,DF,MEDIUM,NA,NA,NA,NA,NA,NA,NA,NA,NA,NA, Length 167 m. Filled out estimated at approximately 35 m..          ,NA,NA,NA,2022-08-30T21:37:08Z,newgraph_airvine,NA,newgraph_airvine,27,62840862,NA,1,1,1,1,2,1,5,5,7,10,5,5,5,10,1,36,43,newgraph_airvine,20220830_150336.jpg,20220830_150524.jpg,20220830_150527.jpg,NA,NA,20220830_150436.jpg,NA,NA,NA,NA,NA,NA,NA, Crews split up with one crew on the downstream side and one crew on the upstream side. This is the upstream side and condition from this side appears good. No evidence of deformity and corrosion is minimal.          ,NA,NA,NA,NA,NA,NA,NA,NA,NA,NA
NA,2022-08-30T17:26:41Z,195943,NA,MateoW,9,645441.1198247273,6035038.07027543,Stock Creek,Barrett Station Road,NA,NA,CBS,OVAL,2.1,14.5,NA,NA,NA,NA,NA,0.5,1.1,0.71,NA,1.5,4,3,NA,Yes,DF,MEDIUM,NA,NA,NA,NA,NA,NA,NA,NA,NA,NA,Large outlet drop but no inlet drop. Outlet pool is deep and fish were observed in it. Stream dries up when you go further downstream.,NA,NA,NA,2022-08-30T17:26:41Z,MateoW,NA,MateoW,46,62767828,NA,2,3,2,1,3,2,1,2,5,2,5,6,7,10,8,38,43,MateoW,photos/TimePhoto_20220830_104923.jpg,photos/TimePhoto_20220830_103109.jpg,photos/TimePhoto_20220830_103035.jpg,photos/TimePhoto_20220830_103820.jpg,photos/TimePhoto_20220830_102029.jpg,photos/TimePhoto_20220830_102019.jpg,NA,photos/TimePhoto_20220830_105301.jpg,NA,photos/TimePhoto_20220830_104523.jpg,NA,Less flow >50m downstream,NA,Extensive erosion on right bank on downstream side near the outlet. Big outlet pool.,"Only one property downstream of crossing, road is low traffic. Minimal housing around.",Paved road. Alternate road nearby can be used for a detour so impact on traffic isn't high.,NA,NA,NA,NA,NA,NA,NA,NA
NA,2022-08-30T17:25:19Z,195943,NA,DN AN AI,9,645434.4234205696,6035037.981546483,Stock creek,Barrett Station Road,NA,Moti,CBS,OVAL,2,14.5,NA,NA,NA,NA,NA,0.6,1.1,0.71,NA,1.5,NA,NA,NA,Yes,NA,NA,NA,NA,NA,NA,NA,NA,NA,NA,NA,NA,"Large outlet drop, low traffic road
",NA,NA,NA,2022-08-30T17:25:19Z,dnikal,NA,AI,24,62767828,NA,2,3,2,1,3,2,1,2,5,2,2,6,7,10,8,35,40,dnikal,20220830_103851.jpg,20220830_103912.jpg,20220830_104126.jpg,20220830_103921.jpg,20220830_103958.jpg,20220830_104129.jpg,NA,NA,NA,NA,NA,NA,NA,NA,          Low traffic volume. Only one house below crossing. Agriculture values on both sides.          ,Road has concrete on top which will cost a lot if they have to reconstruct. Big culvert. There’s another road that vehicle traffic can access.          ,NA,NA,NA,NA,NA,NA,NA,NA
NA,2022-08-30T21:39:12Z,195944,NA,DN TP AI,9,646019.920304559,6035575.596096387,Stock creek,Highway 16,NA,Moti,CBS,ROUND,1.8,99,NA,NA,NA,NA,NA,25,NA,NA,NA,3.5,NA,NA,NA,NA,NA,MEDIUM,NA,NA,NA,NA,NA,NA,NA,NA,NA,NA,99 m for length but likely 167m range finder,NA,NA,NA,2022-08-30T21:39:12Z,dnikal,NA,AI,27,NA,NA,1,1,1,1,2,1,1,1,3,1,10,1,10,10,1,33,36,dnikal,20220830_150107.jpg,20220830_150117.jpg,20220830_150150.jpg,NA,NA,20220830_150111.jpg,NA,NA,NA,NA,NA,NA,NA,NA, Phil is large that a flood event would not affect the culvert          ,It would be difficult to do any construction on this section          ,NA,NA,NA,NA,NA,NA,NA,NA
NA,2022-08-31T20:07:02Z,NA,NA,MateoW,9,944989.4565328343,1069323.8119402246,NA,NA,NA,NA,CBS,ROUND,NA,NA,NA,NA,NA,NA,NA,0.85,NA,NA,NA,NA,NA,NA,NA,NA,NA,NA,NA,NA,NA,NA,NA,NA,NA,NA,NA,NA,NA,NA,NA,NA,2022-08-31T20:07:02Z,MateoW,NA,MateoW,NA,NA,NA,NA,NA,NA,NA,NA,NA,NA,NA,NA,NA,NA,NA,NA,NA,NA,NA,NA,MateoW,NA,NA,NA,NA,NA,NA,NA,NA,NA,NA,NA,NA,NA,NA,NA,NA,NA,NA,NA,NA,NA,NA,NA,NA
NA,2022-08-31T16:35:21Z,NA,NA,tieasha.pierre,9,641461.5407167377,6044048.4110976355,Valee creek,Walcott road,NA,NA,CBS,ROUND,3,20,NA,NA,NA,NA,NA,1,0.1,0.5,NA,2,4.7,3,NA,NA,DF,HIGH,NA,NA,NA,NA,NA,NA,NA,NA,NA,NA,"Slight outlet drop, low water levels would be a fish passage issue. Little amount of water running through culvert. Deep pool at outlet of culvert, good for fish. Boulders in culvert, which are obstacles to fish. ",NA,NA,NA,2022-08-31T16:35:21Z,tieasha.pierre,NA,NA,NA,NA,NA,3,2,1,1,2,1,2,2,4,3,5,4,6,10,7,35,39,tieasha.pierre,20220831_095738.jpg,20220831_095749.jpg,20220831_095755.jpg,20220831_095804.jpg,20220831_095801.jpg,20220831_095743.jpg,NA,NA,NA,NA,NA,NA,NA,NA,NA,NA,NA,NA,NA,NA,NA,NA,NA,NA
NA,2022-09-01T18:47:00Z,58067,NA,newgraph_airvine,9,609724.181415099,6092873.493418659,Tributary to Gramophone ,NA,NA,NA,CBS,OVAL,NA,NA,NA,NA,NA,NA,NA,NA,NA,NA,NA,NA,NA,NA,NA,NA,NA,NA,NA,NA,NA,NA,NA,NA,NA,NA,NA,NA, Refer to buttes and Jesse’s digital form as well as Al’s paper card for measurements.          ,NA,NA,NA,2022-09-01T18:47:00Z,newgraph_airvine,NA,newgraph_airvine,NA,62778127,NA,4,4,2,1,3,2,1,2,5,6,5,8,9,10,8,46,51,newgraph_airvine,NA,NA,NA,NA,NA,NA,NA,NA,NA,NA,NA,NA,NA, Erosion on upstream side of roadway. Significant embankment downstream at the outlet pool. Downstream end of main flow pipe is bent significantly down worse. Where is corrosion in the overflow pipe causing the water to flow underneath of the pipe.        Holes in the overflow pipe are located approximately 1.8 m from the outlet. Low overhead power lines at site.                     ,NA,NA,NA,NA,NA,NA,NA,NA,NA,NA
NA,2022-09-01T17:24:48Z,58067,NA,newgraph_bute,9,609735.8234995899,6092879.921835826,Trib to gramaphone ,Telkwa high road,NA,Moti ,CBS,OVAL,2.2,15.8,NA,NA,NA,NA,NA,1.8,0.49,1.46,Yes,0.3,6.6,4,NA,NA,DF,HIGH,NA,NA,NA,NA,NA,NA,NA,NA,NA,NA,Gradient of culvert shot with laser level. Inside of pipe is bent downward at the outlet. Upstream side of the road is eroding. Enormous outlet pool indicates pricing is undersized. Just outside of Whitsett community. Seems like a really good candidate for replacement.          ,NA,NA,NA,2022-09-01T17:24:48Z,newgraph_bute,NA,Ai ,32,62778127,NA,4,3,3,1,4,3,1,3,7,6,5,8,7,10,7,43,50,newgraph_bute,20220901_115204.jpg,20220901_115237.jpg,20220901_115248.jpg,20220901_115329.jpg,20220901_115321.jpg,20220901_115219.jpg,20220901_115341.jpg,20220901_115415.jpg,NA,NA,NA,NA,NA,NA,NA,NA,NA,NA,NA,NA,NA,NA,NA,NA
NA,2022-09-05T07:00:00Z,NA,8302064,MateoW,9,567994.2832884872,6151781.671070559,NA,Helen Lake FSR,9.9,NA,CBS,ROUND,0.9,12.5,NA,NA,NA,NA,NA,1.5,0,0.1,NA,1,1.4,1.5,NA,NA,DF,MEDIUM,NA,NA,NA,NA,NA,NA,NA,NA,NA,NA,NA,NA,NA,NA,2022-09-05T19:05:30Z,MateoW,NA,MateoW,NA,NA,NA,NA,NA,NA,1,NA,1,1,1,NA,2,9,7,8,0,8,34,NA,MateoW,photos/TimePhoto_20220905_114603.jpg,photos/TimePhoto_20220905_115548.jpg,photos/TimePhoto_20220905_115538.jpg,photos/TimePhoto_20220905_114734.jpg,photos/TimePhoto_20220905_114708.jpg,photos/TimePhoto_20220905_114802.jpg,NA,NA,NA,NA,NA,NA,NA,Culvert is a little rusted but in ok condition,NA,NA,MateoW,NA,NA,67,Good habitat with large amounts of cover(lwd and overhanging veg). ,1,1,NA
NA,2022-09-05T07:00:00Z,NA,8302070,MateoW,9,570210.4208257307,6150339.812970901,Trib to kispiox,Helen lake FSR,NA,NA,CBS,ROUND,0.6,8,NA,NA,NA,NA,NA,3,0.6,0.7,Yes,2,2.3,1,NA,NA,DF,MEDIUM,NA,NA,NA,NA,NA,NA,NA,NA,NA,NA,Big outlet drop with deep outlet pool. Some rusting in culvert and it's bent in the middle a little.,NA,NA,NA,2022-09-05T20:07:43Z,MateoW,NA,MateoW,NA,NA,NA,NA,NA,NA,1,NA,2,2,4,NA,2,NA,8,6,0,4,NA,NA,MateoW,photos/TimePhoto_20220905_122649.jpg,photos/TimePhoto_20220905_130140.jpg,photos/TimePhoto_20220905_125811.jpg,photos/TimePhoto_20220905_124126.jpg,photos/TimePhoto_20220905_124117.jpg,photos/TimePhoto_20220905_123852.jpg,photos/TimePhoto_20220905_125136.jpg,NA,NA,NA,NA,NA,NA,NA,NA,NA,MateoW,NA,NA,68,"Upstream has good habitat, wide channel with finest but no Graves or cobbles. A lot of cover provided by overhanging vegetation and woody debris. ",2,1,NA
NA,2022-09-05T07:00:00Z,NA,8302074,MateoW,9,570565.8018983677,6150060.022658803,Trib to kispiox,Helen lake FSR,NA,NA,CBS,ROUND,0.6,8,NA,NA,NA,NA,NA,0.7,0.2,0.1,NA,0.5,1.1,1,NA,NA,DF,LOW,NA,NA,NA,NA,NA,NA,NA,NA,NA,NA,NA,NA,NA,NA,2022-09-05T20:36:04Z,MateoW,NA,MateoW,NA,NA,NA,NA,NA,NA,1,NA,3,2,6,NA,2,10,8,8,0,NA,NA,NA,MateoW,photos/TimePhoto_20220905_132616.jpg,photos/TimePhoto_20220905_133154.jpg,photos/TimePhoto_20220905_132648.jpg,photos/TimePhoto_20220905_132741.jpg,photos/TimePhoto_20220905_132729.jpg,photos/TimePhoto_20220905_132706.jpg,NA,NA,NA,NA,NA,NA,NA,NA,NA,NA,MateoW,NA,NA,69,Shallow stream. Large amounts of woody debris blocking stream near inlet. Lots of cover in and around stream.,1,1,NA
NA,2022-09-05T07:00:00Z,NA,8300115,MateoW,9,574866.2628525328,6149021.1512875445,Trib to McCully Creek,Helen Lake FSR,NA,NA,CBS,ROUND,0.7,11,NA,NA,NA,NA,NA,0.3,0,0,NA,2,NA,1,NA,NA,DF,LOW,NA,NA,NA,NA,NA,NA,NA,NA,NA,NA,Culvert is black and plastic.,NA,NA,NA,2022-09-05T21:39:24Z,MateoW,NA,MateoW,NA,NA,NA,NA,NA,NA,1,NA,1,1,1,NA,2,9,8,8,0,8,35,NA,MateoW,photos/TimePhoto_20220905_142244.jpg,photos/TimePhoto_20220905_143817.jpg,photos/TimePhoto_20220905_142330.jpg,photos/TimePhoto_20220905_142347.jpg,photos/TimePhoto_20220905_142413.jpg,photos/TimePhoto_20220905_142339.jpg,NA,NA,NA,NA,NA,NA,NA,NA,NA,NA,MateoW,NA,NA,70,Stream is dewatered. Some rain water puddles near inlet and outlet.,1,1,NA
NA,2022-09-05T07:00:00Z,NA,8300162,MateoW,9,573033.2247381455,6151996.941311181,NA,Poplar Park Road,NA,NA,CBS,ROUND,0.7,8.5,NA,NA,NA,NA,NA,0.5,0,0,NA,0,1.2,1,NA,NA,DF,LOW,NA,NA,NA,NA,NA,NA,NA,NA,NA,NA,"Drains into Pentz Lake, mostly dewatered.",NA,NA,NA,2022-09-05T22:52:20Z,MateoW,NA,MateoW,NA,62660953,NA,NA,NA,NA,2,NA,1,1,1,NA,4,8,7,8,0,8,35,NA,MateoW,photos/TimePhoto_20220905_152527.jpg,photos/TimePhoto_20220905_152739.jpg,photos/TimePhoto_20220905_152720.jpg,photos/TimePhoto_20220905_152648.jpg,photos/TimePhoto_20220905_152555.jpg,photos/TimePhoto_20220905_152620.jpg,NA,NA,NA,NA,NA,NA,NA,A lot of mud and debris in culvert,NA,NA,MateoW,NA,NA,71,NA,1,1,NA
NA,2022-09-05T07:00:00Z,NA,62798180,MateoW,9,573036.0463551711,6151831.171386426,NA,Poplar Park Road,NA,NA,CBS,ROUND,0.4,9,NA,NA,NA,NA,NA,0.3,0,0,NA,1,2.1,1.5,NA,NA,DF,LOW,NA,NA,NA,NA,NA,NA,NA,NA,NA,NA,"Some backwater, not a lot of flow. ",NA,NA,NA,2022-09-05T22:56:57Z,MateoW,NA,MateoW,NA,62798180,NA,NA,NA,NA,2,NA,2,2,4,NA,7,8,9,8,0,7,39,NA,MateoW,photos/TimePhoto_20220905_154126.jpg,photos/TimePhoto_20220905_154437.jpg,photos/TimePhoto_20220905_154153.jpg,photos/TimePhoto_20220905_154252.jpg,photos/TimePhoto_20220905_154347.jpg,photos/TimePhoto_20220905_154230.jpg,NA,NA,NA,NA,NA,NA,NA,Culvert is in really bad condition. Very rusted and warped and also broken.,NA,NA,MateoW,NA,NA,72,Partial wetland and mixed forest open habitat. ,1,1,NA
NA,2022-09-05T07:00:00Z,NA,8300161,MateoW,9,575069.5178307605,6150345.268776915,Trib to Kisp,Poplar Park Road,NA,NA,CBS,ROUND,1.1,11,NA,NA,NA,NA,NA,2.5,0.2,0.8,Yes,2,2.3,1.5,Yes,NA,DF,LOW,NA,NA,NA,NA,NA,NA,NA,NA,NA,NA,Big beaver dam right near inlet (about 2m in height),NA,NA,NA,2022-09-05T23:49:48Z,MateoW,NA,MateoW,NA,8300161,NA,NA,NA,NA,1,NA,2,2,4,NA,8,8,4,4,10,NA,NA,NA,MateoW,photos/TimePhoto_20220905_161624.jpg,photos/TimePhoto_20220905_161808.jpg,photos/TimePhoto_20220905_161854.jpg,photos/TimePhoto_20220905_163221.jpg,photos/TimePhoto_20220905_163209.jpg,photos/TimePhoto_20220905_163457.jpg,photos/TimePhoto_20220905_163448.jpg,NA,NA,photos/TimePhoto_20220905_161749.jpg,NA,Beaver guard on inlet,NA,Corroded and rusted section of culvert witu small holes by outlet(looks like a small piece of culvert was attached to main one),NA,NA,MateoW,NA,NA,73,"Wetland upstream above beaver dam. Downstream has good habitat, lots of cover and wide channel.",1,2,NA
NA,2022-09-05T07:00:00Z,NA,8302065,newgraph_airvine,9,566030.289462428,6153076.970202924,Tributary to Kispiox River ,Helen FSR,NA,NA,CBS,ROUND,0.8,10,NA,NA,NA,NA,NA,1.5,0,0.1,NA,3,2.2,15,Yes,NA,BR,LOW,NA,NA,NA,NA,NA,NA,NA,NA,NA,NA,Natural bed rock cascade of greater than 20% immediately downstream of culvert outlet for a distance of approximately 20 m.                           ,NA,NA,NA,2000-02-01T19:35:17Z,newgraph_airvine,NA,newgraph_airvine,NA,NA,NA,NA,NA,NA,1,NA,1,1,1,NA,1,10,1,1,0,10,23,NA,newgraph_airvine,20220905_120313.jpg,20220905_120326.jpg,20220905_120328.jpg,20220905_120338.jpg,20220905_121653.jpg,20220905_120316.jpg,NA,NA,NA,20220905_120347.jpg,20220905_120402.jpg,Bedrock cascade,Fish habitat sign,NA,NA,NA,newgraph_airvine,NA,NA,40,Streambeds substrate is all bedrock. There is a steep cascade section approximately 40 m downstream of the crossing that has a gradient of approximately20% for 20 m. It is not expected that juveniles  could ascend the cascade.   Sign on roadway has fallen over but says important fish habitat – see photo.   Channell is running sub surface upstream and emerges just 1 m upstream of the culvert inlet.   Additionally there is a natural bedrock steep section greater than 20% immediately Downstait stream of covert outlet       ,0,1,NA
NA,2022-09-05T07:00:00Z,NA,8300118,newgraph_airvine,9,572865.0304208843,6149158.411725334,Tributary to McCully Creek ,Helen Lake Road,3.9,NA,CBS,ROUND,0.65,12,NA,NA,NA,NA,NA,1.5,0,0,NA,6,2,9,NA,NA,DF,LOW,NA,NA,NA,NA,NA,NA,NA,NA,NA,NA,Dry draw with all organic substrate and moss throughout channel. Culvert outlet is severely rusted with the bottom completely corroded for the last approximately 1 m. Unlikely a fish bearing stream.                  ,NA,NA,NA,2022-09-05T20:39:21Z,newgraph_airvine,NA,newgraph_airvine,NA,62793409,Yes,NA,NA,NA,1,NA,1,1,1,NA,1,5,1,10,0,10,27,NA,newgraph_airvine,20220905_141352.jpg,20220905_141359.jpg,20220905_141402.jpg,20220905_141410.jpg,20220905_141406.jpg,20220905_141355.jpg,20220905_141413.jpg,NA,NA,NA,NA,NA,NA,NA,NA,NA,newgraph_airvine,NA,NA,42,NA,1,1,NA
NA,2022-09-06T07:00:00Z,NA,8300030,newgraph_airvine,9,545529.3468910726,6170758.746631256,Tributary to Sweetin River,Kispiox Valley Road,NA,NA,CBS,ROUND,0.9,18,NA,NA,NA,NA,NA,2.5,0.4,0.1,NA,2,0.8,10,NA,NA,DF,LOW,NA,NA,NA,NA,NA,NA,NA,NA,NA,NA,Moist draw. Channel is very small and poorly defined. Very unlikely that this is fish habitat.  Inlet covered with significant amounts of debris.          ,NA,NA,NA,2022-09-06T21:55:47Z,newgraph_airvine,NA,newgraph_airvine,NA,8300030,NA,NA,NA,NA,2,3,1,1,1,4,5,6,7,7,0,10,35,39,newgraph_airvine,20220906_152323.jpg,20220906_152345.jpg,20220906_152516.jpg,20220906_152359.jpg,20220906_152351.jpg,20220906_152341.jpg,NA,NA,NA,NA,NA,NA,NA,Large amount of debris at the inlet.          ,This stream appears to be mostly just a runoff and high flow event drainage. Seems unlikely that large quantities of water come through here as the channel is so small and poorly defined.          , Very unlikely that this is a fissr Prairie stream and seems like the risk to the road is low.,newgraph_airvine,NA,NA,46,NA,1,1,NA
NA,2022-09-06T07:00:00Z,NA,8300111,newgraph_airvine,9,553817.4911439074,6166233.270008773,Tributary to Kispiox River ,Kispiox Valley Road ,NA,NA,CBS,ROUND,0.9,NA,NA,NA,NA,NA,NA,2,3,0,NA,10,1.9,9,NA,NA,DF,LOW,NA,NA,NA,NA,NA,NA,NA,NA,NA,NA, Dry at time of survey. Significant moss on rocks throughout channel indicates his drive for a good portion of the year. Culvert is perched 3 m from stream channel with outlet emptying onto riprap.          ,NA,NA,NA,2022-09-06T23:06:41Z,newgraph_airvine,NA,newgraph_airvine,NA,62787142,NA,NA,NA,NA,1,2,1,3,3,5,5,5,7,7,0,1,25,30,newgraph_airvine,20220906_162155.jpg,20220906_162204.jpg,20220906_162207.jpg,20220906_162212.jpg,20220906_162210.jpg,20220906_162200.jpg,NA,NA,NA,NA,NA,NA,NA,NA,The stream does not appear to flow very much as it was surveyed in a very wet. And there is no flow at this time.          ,NA,newgraph_airvine,NA,NA,47,Unlikely a fish brain stream as it appears to be dry for a good portion of the year.          ,1,1,NA
NA,2022-09-06T07:00:00Z,NA,8302403,newgraph_airvine,9,542451.6144851621,6168061.985588818,Tributary to Kispiox River ,Mitten FSR,21,NA,CBS,ROUND,1.2,19,NA,NA,NA,NA,NA,1,0,0,NA,3.5,4.3,9,NA,NA,DF,LOW,NA,NA,NA,NA,NA,NA,NA,NA,NA,NA,Stream dry at time of assessment. Significant accumulation of debris just upstream of the inlet.          ,NA,NA,NA,2022-09-07T00:31:31Z,newgraph_airvine,NA,newgraph_airvine,NA,NA,NA,NA,NA,NA,1,2,3,1,3,5,1,1,1,10,0,10,23,28,newgraph_airvine,20220906_174719.jpg,20220906_174730.jpg,20220906_174735.jpg,20220906_174742.jpg,20220906_174740.jpg,20220906_174722.jpg,NA,NA,NA,NA,NA,NA,NA,Significant buildup of material at the inlet          ,Stream channel is large indicating there are large runoffs at sometime of the year.          ,This road is way out and the poor condition of it indicates it doesn’t get a lot of use.          ,newgraph_airvine,NA,NA,48, Numerous sample site locations upstream of the crossing with no fish captures.  Substrate is angular shale Kabul and gravel.             ,1,1,NA
NA,2022-09-07T07:00:00Z,NA,8301747,MateoW,9,874900.1524682671,1188727.509885789,Trib to Cullon Creek,Kudos FSR,NA,NA,CBS,ROUND,1.2,13,NA,NA,NA,NA,NA,5,0.7,0.6,NA,3,1.8,20,Yes,NA,DF,LOW,NA,NA,NA,NA,NA,NA,NA,NA,NA,NA,Signs of beaver activity upstream of culvert(5m away). Big pond above dam. Very steep slope downstream of culvert. Long cascade. Big outlet drop and deep pool.,NA,NA,NA,2022-09-07T19:47:25Z,MateoW,NA,MateoW,NA,NA,Yes,NA,NA,NA,1,2,1,1,1,3,2,10,4,6,0,5,27,30,MateoW,photos/TimePhoto_20220907_121657.jpg,photos/TimePhoto_20220907_123902.jpg,photos/TimePhoto_20220907_123831.jpg,photos/TimePhoto_20220907_123124.jpg,photos/TimePhoto_20220907_122039.jpg,photos/TimePhoto_20220907_122158.jpg,NA,NA,NA,photos/TimePhoto_20220907_123843.jpg,photos/TimePhoto_20220907_123403.jpg,Above beaver dam,Cascade downstream ,NA,NA,NA,MateoW,NA,NA,78,Wide channel downstream with good habitat.,2,1,NA
NA,2022-09-07T07:00:00Z,NA,8301747,MateoW,9,563272.9465017269,6170770.180296106,Trib to Cullon Creek,Kuldo FSR,NA,NA,CBS,ROUND,1.2,13,NA,NA,NA,NA,NA,5,0.7,0.6,NA,3,1.8,20,Yes,NA,DF,LOW,NA,NA,NA,NA,NA,NA,NA,NA,NA,NA,"Signs of beaver activity just upstream of inlet. Big pond above dam. Very steep downstream of outlet, long cascade.",NA,NA,NA,2022-09-07T19:53:09Z,MateoW,NA,MateoW,NA,NA,No,NA,NA,NA,1,2,1,1,1,3,2,10,4,6,0,5,27,30,MateoW,photos/TimePhoto_20220907_121657.jpg,photos/TimePhoto_20220907_123902.jpg,photos/TimePhoto_20220907_123831.jpg,photos/TimePhoto_20220907_123124.jpg,photos/TimePhoto_20220907_122039.jpg,photos/TimePhoto_20220907_122158.jpg,NA,NA,NA,photos/TimePhoto_20220907_123843.jpg,photos/TimePhoto_20220907_123403.jpg,Pond above beaver dam,Downstream cascade,NA,NA,NA,MateoW,NA,NA,78,Wide channel downstream with good habitat and wide channel with lots of cover.,2,1,NA
NA,2022-09-07T07:00:00Z,NA,8301761,MateoW,9,563960.5321875287,6165290.908224313,Trib to Cullon Creek,Kuldo FSD,NA,NA,CBS,ROUND,0.65,10,NA,NA,NA,NA,NA,0.5,0.6,0.2,NA,4,1.5,10,NA,NA,DF,LOW,NA,NA,NA,NA,NA,NA,NA,NA,NA,NA,Waterfall directly downstream of outlet (2m in height). And short cascade upstream of inlet (approx 1m in height),NA,NA,NA,2022-09-07T21:59:27Z,MateoW,NA,MateoW,NA,NA,NA,NA,NA,NA,1,2,2,2,4,6,9,9,8,8,0,7,41,47,MateoW,photos/TimePhoto_20220907_144009.jpg,photos/TimePhoto_20220907_144931.jpg,photos/TimePhoto_20220907_144133.jpg,photos/TimePhoto_20220907_144153.jpg,photos/TimePhoto_20220907_144435.jpg,photos/TimePhoto_20220907_144445.jpg,NA,NA,NA,photos/TimePhoto_20220907_145125.jpg,NA,Waterfall,NA,NA,NA,NA,MateoW,NA,NA,80,NA,2,1,NA
NA,2022-09-07T07:00:00Z,NA,8300108,MateoW,9,575356.8455212078,6152461.822420978,Trib to Sammon Lake,Kispiox Valley Road,NA,NA,CBS,ROUND,0.5,14,NA,NA,NA,NA,NA,1,0.1,0.3,NA,3,1.9,2.5,NA,Yes,DF,MEDIUM,NA,NA,NA,NA,NA,NA,NA,NA,NA,NA,Fish spotted downstream of culvert. ,NA,NA,NA,2022-09-07T23:37:57Z,MateoW,NA,MateoW,NA,NA,NA,NA,NA,NA,1,2,2,2,4,6,6,7,7,7,10,7,44,50,MateoW,photos/TimePhoto_20220907_163615.jpg,photos/TimePhoto_20220907_164444.jpg,photos/TimePhoto_20220907_164422.jpg,photos/TimePhoto_20220907_163711.jpg,photos/TimePhoto_20220907_163650.jpg,photos/TimePhoto_20220907_163905.jpg,photos/TimePhoto_20220907_163914.jpg,NA,NA,NA,NA,NA,NA,NA,NA,NA,MateoW,NA,NA,81,"Good habitat downstream with lots of cover, woody debris, and some undercut banks.",1,1,NA
NA,2022-09-07T07:00:00Z,2880,NA,newgraph_bute,9,562215.3425131092,6175347.199859238,Mooluck creek,Kuldo ,NA,NA,CBS,ROUND,1.6,40,NA,NA,NA,NA,NA,7.5,0.59,0.5,Yes,4,3.5,5,NA,NA,SF,MEDIUM,NA,NA,NA,NA,NA,NA,NA,NA,NA,NA,"Assessment completed 2015, fresh photos ",NA,NA,NA,2022-09-07T19:01:58Z,newgraph_bute,NA,newgraph_bute,NA,NA,NA,NA,NA,NA,1,2,1,1,1,3,1,8,4,3,10,9,35,38,newgraph_bute,20220907_125135.jpg,20220907_125320.jpg,20220907_125327.jpg,20220907_125347.jpg,20220907_125337.jpg,20220907_125230.jpg,NA,NA,NA,NA,NA,NA,NA,Culvert in generally decent condition ,NA,NA,Jo,Ai,NA,51,NA,1,1,NA
NA,2022-09-07T07:00:00Z,NA,8301749,newgraph_airvine,9,564726.29701218,6164300.506160683,Tributary to Cullon Creek,Kuldo FSR,NA,NA,CBS,ROUND,0.5,14,NA,NA,NA,NA,NA,1,0,0,NA,1,1,1,NA,NA,DF,LOW,NA,NA,NA,NA,NA,NA,NA,NA,NA,NA," This is a small NCD drainage. Culvert is completely plugged and Inlet could not be located. Outlet of culvert is severely corroded. Very unlikely that this is a fish bearing system.   Culvert slope, channel with, ingredient estimated.      ",NA,NA,NA,2022-09-07T21:42:15Z,newgraph_airvine,NA,newgraph_airvine,NA,NA,NA,NA,NA,NA,3,4,1,1,1,5,1,7,10,10,0,10,38,43,newgraph_airvine,20220907_145719.jpg,20220907_145733.jpg,20220907_145756.jpg,20220907_145805.jpg,20220907_145802.jpg,20220907_145722.jpg,20220907_145814.jpg,NA,NA,NA,NA,NA,NA, Call Rick is completely blocked. Could not locate inlet. Outlet of culvert is extremely corroded.          , This covert does not appear to really do anything since it is completely plugged and there’s no evidence that there’s issues for drainage in this area.          ,NA,newgraph_airvine,JO,NA,53,NA,1,1,NA
NA,2022-09-07T07:00:00Z,NA,8301748,newgraph_airvine,9,565280.8435933093,6163975.721025828,Tributary to Cullon Creek,Kuldo Creek,NA,NA,CBS,ROUND,0.95,20,NA,NA,NA,NA,NA,2,0.49,0.28,NA,2.5,1.6,2,NA,NA,DF,LOW,NA,NA,NA,NA,NA,NA,NA,NA,NA,NA,Approximately 15 m down stream of Culvert outlet is a natural rock drop of 0.65 cm on bedrock.   Downstream of the culvert the gradient was measured at 17% over a distance of approximately 25 m. Seems very unlikely that a stream this small and steep would have fish presence upstream even if the culvert was fixed. This is unconfirmed.               ,NA,NA,NA,2022-09-07T22:06:46Z,newgraph_airvine,NA,newgraph_airvine,NA,NA,NA,NA,NA,NA,1,2,1,1,1,3,1,7,10,10,0,10,38,41,newgraph_airvine,20220907_153142.jpg,20220907_153150.jpg,20220907_153153.jpg,20220907_153159.jpg,20220907_153156.jpg,20220907_153145.jpg,NA,NA,NA,20220907_153206.jpg,NA,65cm drop,NA, Some debris just upstream of the inlet but nothing severe,Stream is running fairly good currently as it has been raining heavily for days.          ,We do not have confirmation that the stream is not Fish bearing but it is fairly smal.          ,newgraph_airvine,JO,NA,54,NA,1,1,NA
NA,2022-09-07T07:00:00Z,NA,62787053,newgraph_airvine,9,571274.1530980234,6156519.1536757,Tributary to Kispiox River,Kispiox Valley Road,NA,MoTi,CBS,ROUND,0.6,19,NA,NA,NA,NA,NA,3,0,0.67,NA,3,2,3.5,NA,NA,DF,MEDIUM,NA,NA,NA,NA,NA,NA,NA,NA,NA,NA,Culvert has had recent roadwork with significant amounts of Phil added. Stream is running clear upstream of the culvert and is extremely turbod downstream due to erosion and runoff related to the construction to fix the road. Inlet of culvert is bent and damage with a lot of impediment at the top end of the pipe blocking significant portions of the flow.,NA,NA,NA,2022-09-07T23:32:55Z,newgraph_airvine,NA,newgraph_airvine,NA,62787053,NA,NA,NA,NA,2,5,4,3,12,17,5,5,6,6,10,5,37,54,newgraph_airvine,20220907_165942.jpg,20220907_165957.jpg,20220907_170002.jpg,20220907_170009.jpg,20220907_170005.jpg,20220907_165946.jpg,20220907_170018.jpg,NA,20220907_170035.jpg,20220907_170043.jpg,NA,Embankment,NA, Inlet is bent and damaged and top portion of the pipe has significant amount of blockage for approximately 10 m.   Culvert has had maintenance recently with large amounts of Phil added to the road. Best practises for erosion and sediment control management were not followed and there are large amounts of sediment entering the stream. There are fish points on the stream immediately down stream for coastal cutthroat.          ,Although the stream is not mapped in the freshwater atlas it has a clearly defined channel of 2 m and the pipe has some blockage so there is some risk of flooding.          , This site apparently needs maintenance anyways so potentially it is a place that could be fixed properly and provide passage to upstream.          ,newgraph_airvine,JO,NA,56,here are CCT points on the map immediately downstream of the culvert. This stream does not show up in the freshwater Atlas but has a clear delete channel.          ,5,3,NA
NA,2022-09-07T07:00:00Z,NA,8301750,MateoW,9,563429.4174546396,6170437.206071211,Trib to Cullon Creek,Kudos FSR,15.1,NA,CBS,ROUND,1.2,14,NA,NA,NA,NA,NA,2.5,0,0.6,NA,1,1.9,2.5,NA,NA,DF,MEDIUM,NA,NA,NA,NA,NA,NA,NA,NA,NA,NA,Big beaver guard on inlet. Blocking some of stream access from upstream. ,NA,NA,NA,2022-09-08T02:07:20Z,MateoW,NA,MateoW,NA,NA,NA,NA,NA,NA,1,2,2,2,4,6,8,9,5,4,0,7,33,39,MateoW,photos/TimePhoto_20220907_133556.jpg,photos/TimePhoto_20220907_133130.jpg,photos/TimePhoto_20220907_132943.jpg,photos/TimePhoto_20220907_132338.jpg,photos/TimePhoto_20220907_131116.jpg,photos/TimePhoto_20220907_131144.jpg,NA,NA,NA,NA,NA,NA,NA,NA,NA,NA,MateoW,NA,NA,79,NA,1,1,NA
NA,2022-09-07T07:00:00Z,NA,8302683,MateoW,9,541972.9327699506,6174712.200784129,Sweetie River,Nangeese FSR,NA,NA,CBS,ROUND,0.6,8,NA,NA,NA,NA,NA,1,0,0,NA,NA,1.9,2,NA,NA,DF,LOW,NA,NA,NA,NA,NA,NA,NA,NA,NA,NA,Stream is dewatered. Some rain water in pools.,NA,NA,NA,2022-09-08T04:01:31Z,MateoW,NA,MateoW,NA,NA,NA,NA,NA,NA,1,2,2,2,4,6,2,10,9,8,0,9,38,44,MateoW,photos/TimePhoto_20220906_140817.jpg,photos/TimePhoto_20220906_141434.jpg,photos/TimePhoto_20220906_141329.jpg,photos/TimePhoto_20220906_141828.jpg,photos/TimePhoto_20220906_141820.jpg,photos/TimePhoto_20220906_141340.jpg,NA,NA,NA,NA,NA,NA,NA,NA,NA,NA,MateoW,NA,NA,75,NA,1,1,NA
NA,2022-09-07T07:00:00Z,NA,8302061,MateoW,9,554147.7879104301,6166257.255832973,Trib to Kispiox River,Corral Main,NA,NA,CBS,ROUND,0.5,13,NA,NA,NA,NA,NA,3,0.2,0.15,Yes,3,1.5,4,NA,NA,DF,MEDIUM,NA,NA,NA,NA,NA,NA,NA,NA,NA,NA,"Small cascade approx 50m upstream, could be barrier for smaller fish.",NA,NA,NA,2022-09-08T04:18:55Z,MateoW,NA,MateoW,NA,NA,NA,NA,NA,NA,1,2,2,2,4,6,2,9,9,6,0,7,33,39,MateoW,photos/TimePhoto_20220906_161338.jpg,photos/TimePhoto_20220906_163656.jpg,photos/TimePhoto_20220906_163205.jpg,photos/TimePhoto_20220906_162205.jpg,photos/TimePhoto_20220906_162049.jpg,photos/TimePhoto_20220906_162108.jpg,NA,NA,NA,NA,NA,NA,NA,NA,NA,NA,MateoW,NA,NA,76,Low flow but good habitat. Some fines and gravely upstream. ,1,1,NA
NA,2022-09-07T07:00:00Z,NA,8302062,MateoW,9,554493.4228530814,6166450.320563362,Trib to Kispiox River,Corral Main,NA,NA,CBS,ROUND,0.6,12,NA,NA,NA,NA,NA,1,0.6,0.3,NA,3,1.9,2,Yes,NA,DF,LOW,NA,NA,NA,NA,NA,NA,NA,NA,NA,NA,Big beaver dam upstream of culvert with big pond. Huge outlet drop.,NA,NA,NA,2022-09-08T04:27:03Z,MateoW,NA,MateoW,NA,NA,NA,NA,NA,NA,1,2,2,2,4,6,2,9,7,8,0,7,33,39,MateoW,photos/TimePhoto_20220906_165037.jpg,photos/TimePhoto_20220906_165325.jpg,photos/TimePhoto_20220906_165231.jpg,photos/TimePhoto_20220906_170055.jpg,photos/TimePhoto_20220906_165629.jpg,photos/TimePhoto_20220906_165242.jpg,NA,NA,NA,photos/TimePhoto_20220906_165413.jpg,NA,Beaver activity,NA,NA,NA,NA,MateoW,NA,NA,77,Good habitat downstream with lots of cover and fines and gravels. ,1,1,NA
NA,2022-09-08T07:00:00Z,8300042,NA,jesse olson,9,582177.3357015144,6135019.084023982,Trib to kispiox,Date creek fsr,NA,NA,CBS,ROUND,1.85,32.5,NA,NA,NA,NA,NA,5.3,1.1,0.85,NA,4,NA,5.5,No,NA,Deeef Fil,HIGH,NA,0,0,0,0,0,NA,NA,NA,NA,2 pipe but only one functioning. 0.75-0.9 meter lock block drop 30m downstream of outlet. Second culvert inlet blocked. Large tributary dam points upstream.,NA,NA,NA,2022-09-08T17:24:27Z,jesse olson,NA,jesse olson,NA,62798256,NA,NA,NA,NA,2,3,2,3,6,9,3,8,6,4,10,7,38,47,jesse olson,NA,NA,NA,NA,NA,NA,NA,NA,NA,NA,NA,NA,NA,Second culvert blocked 50%,NA,"Very large tributary with blockage issue, near end of life.",jo,Ai,NA,57,NA,2,1,NA
NA,2022-09-08T07:00:00Z,NA,8301485,NA,9,582851.3418769685,6130490.6436233865,Trib to Skeena,Sik e Dakh water tower road,NA,Sik E Dakh,CBS,ROUND,1.25,10,NA,NA,NA,NA,NA,1,0.6,0.7,Yes,3.5,5.6,1.5,Yes,NA,Deeef Fil,HIGH,NA,0,0,0,0,0,NA,NA,NA,NA,2 active culverts side by side. Trash rack has been removed from inlet. Inlet has significant amount of debris.                     ,NA,NA,NA,2022-09-08T19:17:54Z,Bute ,NA,AI,NA,NA,Yes,NA,NA,NA,2,3,3,5,15,18,1,3,9,10,10,6,39,57,NA,20220908_125114.jpg,20220908_125130.jpg,20220908_125136.jpg,20220908_125145.jpg,20220908_125141.jpg,20220908_125122.jpg,NA,NA,NA,20220908_175836.jpg,NA,Gravels upstream,NA,Trash rack was removed. Deep outlet pool.,This is the only access road to the village water treatment plant saw a blow out of the road could have serious implications.          ,water treatment plant further up the road. The road is the only access,Jo,Ai,NA,59, High-value spawning habitat located upstream. Extensive gravels. Good flow.          ,3,1,NA
NA,2022-09-08T07:00:00Z,8302257,NA,NA,9,587054.0113807729,6138715.974600463,Pinenut creek,Salmon River road ,NA,NA,CBS,ROUND,3.8,30,NA,NA,NA,NA,NA,4,0.45,0.4,NA,2.5,8.2,4,NA,NA,Deeef Fil,HIGH,NA,0,0,0,0,0,NA,NA,NA,NA, Structure was replaced in 1985. Concrete wing walls on inlet. Structure in decent shape.          ,NA,NA,NA,2022-09-08T20:39:16Z,NA,NA,NA,NA,NA,NA,NA,NA,NA,1,2,2,1,2,4,4,5,5,5,10,4,33,37,NA,NA,20220908_140737.jpg,20220908_140757.jpg,20220908_140806.jpg,20220908_140801.jpg,20220908_140731.jpg,NA,NA,NA,NA,NA,NA,NA,NA,NA,NA,Jo,NA,NA,NA,Very large stream with high flows and cover boulder substrate.          ,2,1,NA
NA,2022-09-08T07:00:00Z,NA,8300186,MateoW,9,581810.4555284113,6137777.701986909,Trib to Kispiox River,Date Creek FSR,3.9,NA,CBS,ROUND,0.9,21,NA,NA,NA,NA,NA,1.5,1.6,0.1,Yes,3.5,2.4,12,NA,NA,Deeef Fil,LOW,NA,0,0,0,0,0,NA,NA,NA,NA,Very high outlet drop and steep stream downstream. But good habitat upstream with some fines and gravels and lots of cover.,NA,NA,NA,2022-09-08T16:38:28Z,MateoW,NA,MateoW,NA,62799242,NA,NA,NA,NA,1,2,1,1,1,3,7,9,6,5,0,6,33,36,MateoW,photos/TimePhoto_20220908_091751.jpg,photos/TimePhoto_20220908_093602.jpg,photos/TimePhoto_20220908_093528.jpg,photos/TimePhoto_20220908_092834.jpg,photos/TimePhoto_20220908_092022.jpg,photos/TimePhoto_20220908_092051.jpg,NA,NA,NA,NA,NA,NA,NA,NA,NA,NA,MateoW,NA,NA,82,NA,2,1,NA
NA,2022-09-08T07:00:00Z,NA,8300105,MateoW,9,578249.7291434086,6150754.466481534,Trib to Kispiox River,Kispiox Valley Road,NA,NA,CBS,ROUND,0.9,8.5,NA,NA,NA,NA,NA,0.3,0.6,0.4,NA,1,1.8,2,NA,NA,Deeef Fil,LOW,NA,0,0,0,0,0,NA,NA,NA,NA,"Two plastic culverts, very low flow in both. ",NA,NA,NA,2022-09-08T20:42:30Z,MateoW,NA,MateoW,NA,62733686,NA,NA,NA,NA,1,2,2,2,4,6,5,7,4,6,10,6,38,44,MateoW,photos/TimePhoto_20220908_131925.jpg,photos/TimePhoto_20220908_132130.jpg,photos/TimePhoto_20220908_132102.jpg,photos/TimePhoto_20220908_133429.jpg,photos/TimePhoto_20220908_132221.jpg,photos/TimePhoto_20220908_134810.jpg,NA,NA,NA,NA,NA,NA,NA,NA,NA,NA,MateoW,NA,NA,83,Open wetland and shrub habitat downstream and upstream. Big floodplain upstream. ,2,1,NA
NA,2022-09-08T07:00:00Z,NA,8300104,MateoW,9,579148.4601053984,6149784.152829074,Trib to Kispiox River,Kispiox Valley Road,NA,NA,CBS,ROUND,0.8,15,NA,NA,NA,NA,NA,2,0,0.2,NA,0.5,1.2,1,NA,NA,Deeef Fil,LOW,NA,0,0,0,0,0,NA,NA,NA,NA,Plastic culvert. Backwatered with some water near the inlet and outlet but none in culvert. ,NA,NA,NA,2022-09-08T21:17:36Z,MateoW,NA,MateoW,NA,NA,NA,NA,NA,NA,1,2,2,2,4,6,5,7,5,6,0,7,30,36,MateoW,photos/TimePhoto_20220908_140212.jpg,photos/TimePhoto_20220908_140429.jpg,photos/TimePhoto_20220908_140533.jpg,photos/TimePhoto_20220908_140817.jpg,photos/TimePhoto_20220908_140809.jpg,photos/TimePhoto_20220908_140321.jpg,NA,NA,NA,NA,NA,NA,NA,NA,NA,NA,MateoW,NA,NA,84,Stream follows residential property with open field on one side and mixed forest on the other.,1,1,NA
NA,2022-09-08T07:00:00Z,NA,8300103,MateoW,9,580494.9226151282,6146060.838349234,Trib to Kispiox River,Kispiox Valley Road,NA,NA,CBS,ROUND,0.6,13,NA,NA,NA,NA,NA,2,0,0,NA,1,1.4,2,NA,NA,Deeef Fil,LOW,NA,0,0,0,0,0,NA,NA,NA,NA,Dewatered stream,NA,NA,NA,2022-09-08T22:01:31Z,MateoW,NA,MateoW,NA,NA,NA,NA,NA,NA,1,2,2,2,4,6,5,7,6,7,0,7,32,38,MateoW,photos/TimePhoto_20220908_144819.jpg,photos/TimePhoto_20220908_145728.jpg,photos/TimePhoto_20220908_145713.jpg,photos/TimePhoto_20220908_145037.jpg,photos/TimePhoto_20220908_145050.jpg,photos/TimePhoto_20220908_145748.jpg,NA,NA,NA,NA,NA,NA,NA,NA,NA,NA,MateoW,NA,NA,85,NA,1,1,NA
NA,2022-09-08T07:00:00Z,NA,8300042,newgraph_airvine,9,582153.7329042796,6135026.259688364,Tributary to Kispiox River ,Date Creek FSR,NA,NA,CBS,ROUND,1.85,32.5,NA,NA,NA,NA,NA,5.5,1.1,0.85,NA,4,5.3,5.5,NA,NA,NA,NA,NA,0,0,0,0,0,NA,NA,NA,NA,.75 2.90 m lock block step approximately 30 m down stream of outlet. Double pipe however river right pipe is not functioning and is 50% blocked out and let          ,NA,NA,NA,2022-09-08T17:09:31Z,newgraph_airvine,NA,newgraph_airvine,NA,62798256,NA,NA,NA,NA,2,3,1,3,3,6,3,3,5,5,10,7,33,39,newgraph_airvine,20220908_102026.jpg,20220908_102040.jpg,20220908_102045.jpg,20220908_102057.jpg,20220908_102048.jpg,20220908_102028.jpg,NA,NA,20220908_102130.jpg,20220908_102134.jpg,NA,75cm lock lock drop downstream ,NA, Right pipe is completely blocked. It appears there has been work done to try to backwater the structure. It appears this structure is near its end of life.          , Very large tributary with big watershed so large flight events could wash out the date FSR. 3          ,NA,newgraph_airvine,NA,NA,57,Large tributary to the Kispiox with major connectivity issue. No fisheries information but should be fish bearing and if not it would be due to the culvert. Dam points located 600 m upstream of crossing.          ,1,1,NA
NA,2022-09-08T07:00:00Z,NA,8300238,newgraph_airvine,9,587207.3631294242,6138659.061885687,Pinenut,Spur,NA,NA,CBS,FORD,20,8,NA,NA,NA,NA,NA,NA,NA,NA,NA,NA,NA,NA,NA,NA,NA,NA,NA,0,0,0,0,0,NA,NA,NA,NA,Collapsed Bridge. Some erosion along side but not fish passage issue     ,NA,NA,NA,2022-09-08T21:04:13Z,newgraph_airvine,NA,newgraph_airvine,NA,NA,NA,NA,NA,NA,NA,NA,NA,NA,NA,NA,NA,NA,NA,NA,NA,NA,NA,NA,newgraph_airvine,20220908_140714.jpg,20220908_140723.jpg,20220908_140729.jpg,20220908_140738.jpg,20220908_140734.jpg,20220908_140719.jpg,NA,NA,NA,NA,NA,NA,NA,NA,NA,NA,newgraph_airvine,NA,NA,60,NA,NA,NA,NA
NA,2022-09-09T07:00:00Z,NA,8300465,MateoW,9,549761.1060391979,6140313.092834425,Trib to Kitwanga River,Kitwancool Branch 2 FSR,NA,NA,CBS,ROUND,0.8,11,NA,NA,NA,NA,NA,1.2,0,0.2,NA,0.5,1.7,3.5,NA,NA,Deep Fill,MEDIUM,NA,0,0,0,0,0,NA,NA,NA,NA,Cascade downstream of culvert that may block smaller fish. Approx 1m in height. No outlet drop. ,NA,NA,NA,2022-09-09T21:44:58Z,MateoW,NA,MateoW,NA,NA,NA,NA,NA,NA,1,2,2,1,2,4,2,8,9,8,0,7,34,38,MateoW,photos/TimePhoto_20220909_142431.jpg,photos/TimePhoto_20220909_143829.jpg,photos/TimePhoto_20220909_143506.jpg,photos/TimePhoto_20220909_143033.jpg,photos/TimePhoto_20220909_142616.jpg,photos/TimePhoto_20220909_142637.jpg,NA,NA,NA,photos/TimePhoto_20220909_143100.jpg,NA,Cascade downstream,NA,NA,NA,NA,MateoW,NA,NA,89,"Good habitat, lots of woody debris providing cover and functionality. ",1,1,NA
NA,2022-09-10T07:00:00Z,NA,2022091001,newgraph_airvine,9,590210.7380019262,6122882.258925775,Waterfall Creek ,13 Ave,NA,Hazelton ,CBS,ROUND,1.25,22,NA,NA,NA,NA,NA,1.5,0,0.4,Yes,1,2.8,3,NA,Yes,Deep Fill,HIGH,NA,0,0,0,0,0,NA,NA,NA,NA," This is waterfall Creek. It does not show up in the freshwater atlas as here, however this is the main flow. Numerous fry and par observed upstream of the crossing. No paper card for site.  ",NA,NA,NA,2022-09-10T23:03:07Z,newgraph_airvine,NA,newgraph_airvine,NA,NA,NA,NA,NA,NA,1,4,1,2,2,6,1,5,7,3,10,3,29,35,newgraph_airvine,20220910_162330.jpg,20220910_162339.jpg,20220910_162342.jpg,20220910_162351.jpg,20220910_162346.jpg,20220910_162334.jpg,20220910_162356.jpg,NA,NA,20220910_162412.jpg,NA,Upstream fines,NA,In the drop. Tires used to hold up embankment on downstream side.          ,NA,NA,newgraph_airvine,NA,NA,69,Nice gravels located upstream and downstream with Channell dominated by settlement proximately 40 m upstream of the crossing. Trap and truck Coho operation happening on the stream with Fish transplanted down stream of Highway 16. Connectivity within this system is a major ecosystem restoration opportunity within this unison polity boundaries with a large organize team working hard to overcome significant challenges.  Although this structure appears possible for adult call Hall they would need to get here to get through. The upstream habitat choose to have a great potential.,1,3,NA
NA,2022-09-10T07:00:00Z,NA,2022091002,newgraph_airvine,9,590233.2296468905,6123183.274467694,Waterfall Creek,Highway 16,NA,MoTi,CBS,ROUND,1.5,27,NA,NA,NA,NA,NA,1,0,0.2,Yes,NA,3.9,2.5,NA,Yes,NA,HIGH,NA,0,0,0,0,0,NA,NA,NA,NA,"Stream is not maps correctly in the freshwater atlas. This is waterfall creek. Great flow, patches of gravel suitable for cohost Bonnie. Right within the town of New Hazelton. Trap and trucks call Hall operation occurring with spawners transplanted downstream of the railway                   ",NA,NA,NA,2022-09-10T23:34:29Z,newgraph_airvine,NA,newgraph_airvine,NA,62660008,NA,NA,NA,NA,NA,NA,NA,NA,NA,NA,NA,NA,NA,NA,NA,NA,NA,NA,newgraph_airvine,20220910_164405.jpg,20220910_164459.jpg,20220910_164504.jpg,20220910_164513.jpg,20220910_164506.jpg,20220910_164407.jpg,NA,NA,NA,20220910_164519.jpg,NA,Gravels upstream,NA,NA,NA,NA,newgraph_airvine,NA,NA,70,NA,NA,NA,NA
NA,2022-09-10T07:00:00Z,NA,2022091003,newgraph_airvine,9,590200.8820739947,6123262.393747398,Waterfall Creek ,9th Ave,NA,Hazelton ,CBS,ROUND,1.8,19,NA,NA,NA,NA,NA,NA,NA,NA,No,NA,NA,NA,NA,NA,NA,NA,NA,0,0,0,0,0,NA,NA,NA,NA,Two 0.9 pipe added together for width. Left pipe has significant blockage 1/3 of the way through the pipe. Right Bank of the stream has an empty lot with only grass and invasive weed riparian.               ,NA,NA,NA,2022-09-10T23:52:40Z,newgraph_airvine,NA,newgraph_airvine,NA,NA,NA,NA,NA,NA,NA,NA,NA,NA,NA,NA,NA,NA,NA,NA,NA,NA,NA,NA,newgraph_airvine,20220910_170756.jpg,20220910_170811.jpg,20220910_170817.jpg,20220910_170829.jpg,20220910_170821.jpg,20220910_170802.jpg,NA,NA,20220910_170841.jpg,20220910_170858.jpg,NA, Empty lot right upstream          ,NA,NA,NA,NA,newgraph_airvine,NA,NA,71,Substrate was mostly fines in immediate area upstream of culvert and the channel appears to be constricted compared to farther upstream. Is this city land and is this a site for a riparian restoration project? We should ask Colin Morrison.          ,NA,NA,NA
NA,2022-09-12T07:00:00Z,NA,4600913,MateoW,9,582725.506690542,6073884.582293549,Sandstone Creek,McDonell FSR,NA,NA,CBS,ROUND,2.4,28,NA,NA,NA,NA,NA,3,0.3,0.2,NA,3,3.4,3,NA,NA,Deep Fill,MEDIUM,NA,0,0,0,0,0,NA,NA,NA,NA,Channel is steeper downstream of culvert. Very dee fill with a small outlet drop  ,NA,NA,NA,2022-09-12T19:52:36Z,MateoW,NA,MateoW,NA,NA,NA,NA,NA,NA,1,2,1,2,2,4,3,8,4,4,10,7,36,40,MateoW,photos/TimePhoto_20220912_110056.jpg,photos/TimePhoto_20220912_112043.jpg,photos/TimePhoto_20220912_111945.jpg,photos/TimePhoto_20220912_111347.jpg,photos/TimePhoto_20220912_111335.jpg,photos/TimePhoto_20220912_111713.jpg,NA,NA,NA,NA,NA,NA,NA,NA,NA,NA,MateoW,NA,NA,94,NA,1,1,NA
NA,2022-09-09T07:00:00Z,NA,NA,jesse olson,9,563433.7003207653,6109640.612751433,Trib to kitwanga river,Highway 37,NA,NA,CBS,ROUND,4.8,75,NA,NA,NA,NA,NA,10,0.72,0.75,NA,1.5,5,2,NA,NA,Deep Fill,HIGH,NA,0,0,0,0,0,NA,NA,NA,NA,Historic backwatering with 6 lock block weers. Skeena fisheries commission has assessed crossing in the past 2015. Very large system. Pipe is embedded until the last 10 meters. Large outlet drop. Lots of algae in stream.,NA,NA,NA,2022-09-09T17:48:29Z,jesse olson,NA,Ai,NA,NA,NA,NA,NA,NA,1,2,1,5,5,7,9,1,1,2,10,2,25,32,jesse olson,20220909_112521.jpg,20220909_112534.jpg,20220909_112543.jpg,20220909_112551.jpg,20220909_112547.jpg,20220909_112528.jpg,NA,NA,NA,NA,NA,NA,NA,Backwatering has all failed. Big outlet drop,NA,NA,jo,Ai ,NA,63,NA,3,1,20220909_112623.jpg
NA,2022-09-23T07:00:00Z,8300128,NA,jesse olson,9,584898.7366026941,6152502.318206055,Sterritt creek,Babine slide fsr,30,NA,CBS,ROUND,2.4,30,NA,NA,NA,NA,NA,4,2,1,Yes,3.5,3.7,4.5,NA,NA,Deep Fill,LOW,NA,0,0,0,0,0,NA,NA,NA,NA,"Culvert is separating 10 meters in from upstream, top of culvert slumping in",NA,NA,NA,2022-09-23T17:06:42Z,jesse olson,NA,Josh’s Garmin 60cx,NA,NA,NA,NA,NA,NA,1,2,4,3,12,14,3,8,7,4,1,8,31,45,jesse olson,20220923_112402.jpg,20220923_112419.jpg,20220923_112424.jpg,20220923_112434.jpg,20220923_112431.jpg,20220923_112411.jpg,20220923_112454.jpg,NA,NA,20220923_112517.jpg,20220923_112548.jpg,Culvert separated,Slumping of culvert,Culvert is separated in areas and slumping,High bank full depth ,NA,jesse olson,NA,NA,072,Fast moving stream with steep slope. Upstream deep fill downstream bedrock,1,1,NA
NA,2022-08-30T19:22:39Z,NA,2022083001,newgraph_airvine,9,645564.1598267726,6035218.830877878,Stock Creek,Private farm Road,NA,Private,OBS,BRIDGE,12,5,NA,NA,NA,NA,NA,NA,NA,NA,NA,NA,NA,NA,NA,NA,NA,NA,NA,NA,NA,NA,NA,NA,NA,NA,NA,NA,Curters are old CM railway metal structure and there is extensive concrete slabs in the stream used as rip wrap. Private bridge within farmland.          ,NA,NA,NA,2022-08-30T19:22:39Z,newgraph_airvine,NA,newgraph_airvine,25,NA,NA,NA,NA,NA,NA,NA,NA,NA,NA,NA,NA,NA,NA,NA,NA,NA,NA,NA,newgraph_airvine,NA,NA,NA,NA,NA,NA,NA,NA,NA,NA,NA,NA,NA,NA,NA,NA,NA,NA,NA,NA,NA,NA,NA,NA
NA,2022-08-30T19:22:15Z,NA,2022083001,dnikal,9,645556.2169381247,6035216.633983075,Stock creek,Private farm road,NA,Private,OBS,BRIDGE,12,5,NA,NA,NA,NA,NA,NA,NA,NA,NA,NA,NA,NA,NA,NA,NA,NA,NA,NA,NA,NA,NA,NA,NA,NA,NA,NA,NA,NA,NA,NA,2022-08-30T19:22:15Z,dnikal,NA,So,25,NA,NA,NA,NA,NA,NA,NA,NA,NA,NA,NA,NA,NA,NA,NA,NA,NA,NA,NA,dnikal,NA,20220830_122636.jpg,20220830_122810.jpg,20220830_122643.jpg,20220830_122821.jpg,20220830_122826.jpg,NA,NA,NA,NA,NA,NA,NA,NA,NA,NA,NA,NA,NA,NA,NA,NA,NA,NA
NA,2022-09-05T07:00:00Z,NA,NA,MateoW,9,568059.6607160661,6152944.086126107,NA,Helen 900 FSR,1.9,NA,OBS,BRIDGE,4,10,NA,NA,NA,NA,NA,NA,NA,NA,NA,NA,NA,NA,NA,NA,NA,NA,NA,NA,NA,NA,NA,NA,NA,NA,NA,NA,Bridge is in ok condition,NA,NA,NA,2000-02-01T18:44:25Z,MateoW,NA,MateoW,NA,NA,NA,NA,NA,NA,NA,NA,NA,NA,NA,NA,NA,NA,NA,NA,NA,NA,NA,NA,MateoW,photos/TimePhoto_20220905_104800.jpg,photos/TimePhoto_20220905_105025.jpg,photos/TimePhoto_20220905_105031.jpg,photos/TimePhoto_20220905_105131.jpg,photos/TimePhoto_20220905_105121.jpg,photos/TimePhoto_20220905_105040.jpg,NA,NA,NA,NA,NA,NA,NA,NA,NA,NA,MateoW,NA,NA,65,"Wetland habitat on both sides, grassy and shrubs. Upstream side has small cascade about 0.5 to 1m in height. Possibly from beavers. And it's draining into inlet pool",NA,NA,NA
NA,2022-09-06T07:00:00Z,NA,8302755,newgraph_airvine,9,534422.1551848231,6178964.88547499,Tributary to Nangeese River,Hodder ,NA,NA,OBS,BRIDGE,9,5.5,NA,NA,NA,NA,NA,NA,NA,NA,NA,NA,NA,NA,NA,NA,NA,NA,NA,NA,NA,NA,NA,NA,NA,NA,NA,NA, Bridge. Rode fairly brushed in.          ,NA,NA,NA,2022-09-06T20:03:36Z,newgraph_airvine,NA,newgraph_airvine,NA,NA,NA,NA,NA,NA,NA,NA,NA,NA,NA,NA,NA,NA,NA,NA,NA,NA,NA,NA,newgraph_airvine,20220906_130728.jpg,20220906_130735.jpg,20220906_130749.jpg,20220906_130751.jpg,20220906_130741.jpg,20220906_130731.jpg,20220906_130755.jpg,NA,NA,NA,NA,NA,NA,NA,NA,NA,newgraph_airvine,MW,NA,45,NA,NA,NA,NA
NA,2022-09-06T07:00:00Z,NA,8302407,newgraph_airvine,9,548521.6404000893,6165904.772883465,Tributary to Kispiox River ,Mitten FSR,14,NA,OBS,PIPEARCH,6,20,NA,NA,NA,NA,NA,NA,NA,NA,NA,NA,NA,NA,NA,NA,NA,NA,NA,NA,NA,NA,NA,NA,NA,NA,NA,NA,Extremely steep rock steps immediately downstream of outlet. FISS point from Triton indicates there is a 2 m barrier downstream that is a barrier to anadromous species. Additionally there is a 5 m rock documented near the confluence with the Kispiox.         ,NA,NA,NA,2022-09-07T01:18:14Z,newgraph_airvine,NA,newgraph_airvine,NA,NA,NA,NA,NA,NA,NA,NA,NA,NA,NA,NA,NA,NA,NA,NA,NA,NA,NA,NA,newgraph_airvine,NA,NA,NA,NA,NA,NA,NA,NA,NA,NA,NA,NA,NA,NA,NA,NA,newgraph_airvine,NA,NA,49,NA,0,NA,NA
NA,2022-09-06T07:00:00Z,NA,8302410,newgraph_airvine,9,553739.972305882,6161966.365154947,Tributary to Kispiox River ,Mitten FSR,NA,NA,OBS,BRIDGE,15.5,4.5,NA,NA,NA,NA,NA,NA,NA,NA,NA,NA,NA,NA,NA,NA,NA,NA,NA,NA,NA,NA,NA,NA,NA,NA,NA,NA, Bridge. Stream bed is dry at time of assessment.,NA,NA,NA,2022-09-07T01:33:40Z,newgraph_airvine,NA,newgraph_airvine,NA,NA,NA,NA,NA,NA,NA,NA,NA,NA,NA,NA,NA,NA,NA,NA,NA,NA,NA,NA,newgraph_airvine,20220906_183701.jpg,20220906_183714.jpg,20220906_183719.jpg,20220906_183725.jpg,20220906_183722.jpg,20220906_183710.jpg,20220906_183728.jpg,NA,NA,NA,NA,NA,NA,NA,NA,NA,newgraph_airvine,NA,NA,50,NA,NA,NA,NA
NA,2022-09-06T07:00:00Z,2892,NA,newgraph_airvine,9,561637.0284131871,6156976.401964987,NA,Helen FSR,NA,NA,OBS,BRIDGE,11,4.5,NA,NA,NA,NA,NA,NA,NA,NA,NA,NA,NA,NA,NA,NA,NA,NA,NA,NA,NA,NA,NA,NA,NA,NA,NA,NA, Noted as a culvert PSCIS. Not sure why. Bridge appears to be old.,NA,NA,NA,2022-09-07T01:59:23Z,newgraph_airvine,NA,newgraph_airvine,NA,NA,NA,NA,NA,NA,NA,NA,NA,NA,NA,NA,NA,NA,NA,NA,NA,NA,NA,NA,newgraph_airvine,NA,NA,NA,NA,NA,NA,NA,NA,NA,NA,NA,NA,NA,NA,NA,NA,newgraph_airvine,NA,NA,50,NA,NA,NA,NA
NA,2022-09-07T07:00:00Z,NA,8302779,MateoW,9,564361.8630889795,6167112.843910428,Trib to Cullon Creek,Cullon Main,NA,NA,OBS,BRIDGE,4,3,NA,NA,NA,NA,NA,NA,NA,NA,NA,NA,NA,NA,NA,NA,NA,NA,NA,NA,NA,NA,NA,NA,NA,NA,NA,NA,Bridge is a little rotten but in ok shape.,NA,NA,NA,2022-09-07T21:11:42Z,MateoW,NA,MateoW,NA,NA,Yes,NA,NA,NA,NA,NA,NA,NA,NA,NA,NA,NA,NA,NA,NA,NA,NA,NA,MateoW,photos/TimePhoto_20220907_140847.jpg,photos/TimePhoto_20220907_141002.jpg,photos/TimePhoto_20220907_140951.jpg,photos/TimePhoto_20220907_140922.jpg,photos/TimePhoto_20220907_140856.jpg,photos/TimePhoto_20220907_141059.jpg,photos/TimePhoto_20220907_141018.jpg,NA,NA,NA,NA,NA,NA,NA,NA,NA,MateoW,NA,NA,NA,Wide stream with fines and gravels. Lots of cover.,NA,NA,NA
NA,2022-09-07T07:00:00Z,NA,8301892,MateoW,9,569230.1043295293,6166554.362507318,Trib to Carrigan Creek,Skeena Carrigan FSR,4.9,NA,OBS,BRIDGE,3.5,6,NA,NA,NA,NA,NA,NA,NA,NA,NA,NA,NA,NA,NA,NA,NA,NA,NA,NA,NA,NA,NA,NA,NA,NA,NA,NA,Bridge with very deep fill. Approx 10cm between water and bottom of bridge. ,NA,NA,NA,2022-09-07T22:38:32Z,MateoW,NA,MateoW,NA,NA,NA,NA,NA,NA,NA,NA,NA,NA,NA,NA,NA,NA,NA,NA,NA,NA,NA,NA,MateoW,photos/TimePhoto_20220907_154052.jpg,photos/TimePhoto_20220907_154032.jpg,photos/TimePhoto_20220907_154038.jpg,photos/TimePhoto_20220907_154147.jpg,photos/TimePhoto_20220907_154140.jpg,photos/TimePhoto_20220907_154022.jpg,NA,NA,NA,photos/TimePhoto_20220907_154158.jpg,NA,At outlet of bridge,NA,NA,NA,NA,MateoW,NA,NA,NA,NA,NA,NA,NA
NA,2022-09-09T07:00:00Z,NA,8302212,newgraph_airvine,9,550746.7935039265,6141256.4392585065,Kitwanga River,Spur,NA,NA,OBS,BRIDGE,14,5,NA,NA,NA,NA,NA,NA,NA,NA,NA,NA,NA,NA,NA,NA,NA,NA,NA,0,0,0,0,0,NA,NA,NA,NA, Bridge. Beautiful river.,NA,NA,NA,2022-09-09T21:18:06Z,newgraph_airvine,NA,newgraph_airvine,NA,NA,Yes,NA,NA,NA,NA,NA,NA,NA,NA,NA,NA,NA,NA,NA,NA,NA,NA,NA,newgraph_airvine,20220909_142235.jpg,20220909_142259.jpg,20220909_142304.jpg,20220909_142311.jpg,20220909_142306.jpg,20220909_142237.jpg,NA,NA,NA,NA,NA,NA,NA,NA,NA,NA,newgraph_airvine,NA,NA,65,NA,NA,NA,NA
NA,2021-08-30T07:00:00Z,NA,1805532,AI,9,685314.058080938,6030316.9592297,Crow Creek,CN Railway,NA,Canadian National,Open Bottom Structure,Bridge,13.5,6,NA,NA,NA,NA,NA,NA,NA,NA,NA,NA,NA,NA,NA,NA,NA,NA,0,NA,NA,NA,NA,NA,NA,Passable,NA,NA,Bridge. 9:46,pscis_phase1.xlsm,1001805532,9:46,NA,NA,NA,NA,NA,NA,NA,NA,NA,NA,NA,NA,NA,NA,NA,NA,NA,NA,NA,NA,NA,NA,NA,NA,NA,NA,NA,NA,NA,NA,NA,NA,NA,NA,NA,NA,NA,NA,NA,NA,NA,NA,NA,NA,NA,NA,NA,NA,NA
5,2021-08-30T07:00:00Z,NA,1805532,AI,9,685314.058080938,6030316.9592297,Crow Creek,CN Railway,NA,Canadian National,Open Bottom Structure,Bridge,13.5,6,NA,NA,NA,NA,NA,NA,NA,NA,NA,NA,NA,NA,NA,NA,NA,NA,0,0,0,0,0,0,0,Passable,NA,NA,Bridge. 9:46,pscis_phase1.xlsm,1001805532,9:46,NA,NA,1805532,NA,NA,NA,NA,NA,NA,NA,NA,NA,NA,NA,NA,NA,NA,NA,NA,NA,NA,NA,NA,NA,NA,NA,NA,NA,NA,NA,NA,NA,NA,NA,NA,NA,NA,NA,NA,NA,NA,NA,NA,NA,NA,NA,NA,NA,NA
5,2021-08-30T07:00:00Z,NA,1805532,AI,9,685314.058080938,6030316.9592297,Crow Creek,CN Railway,NA,Canadian National,Open Bottom Structure,Bridge,13.5,6,NA,NA,NA,NA,NA,NA,NA,NA,NA,NA,NA,NA,NA,NA,NA,NA,0,0,0,0,0,0,0,Passable,NA,NA,Bridge. 9:46,pscis_phase1.xlsm,1001805532,9:46,NA,NA,1805532,NA,NA,NA,NA,NA,NA,NA,NA,NA,NA,NA,NA,NA,NA,NA,NA,NA,NA,NA,NA,NA,NA,NA,NA,NA,NA,NA,NA,NA,NA,NA,NA,NA,NA,NA,NA,NA,NA,NA,NA,NA,NA,NA,NA,NA,NA
5,2021-08-30T07:00:00Z,NA,1805532,AI,9,685314.058080938,6030316.9592297,Crow Creek,CN Railway,NA,Canadian National,Open Bottom Structure,Bridge,13.5,6,NA,NA,NA,NA,NA,NA,NA,NA,NA,NA,NA,NA,NA,NA,NA,NA,0,0,0,0,0,0,0,Passable,NA,NA,Bridge. 9:46,pscis_phase1.xlsm,1001805532,9:46,NA,NA,1805532,NA,NA,NA,NA,NA,NA,NA,NA,NA,NA,NA,NA,NA,NA,NA,NA,NA,NA,NA,NA,NA,NA,NA,NA,NA,NA,NA,NA,NA,NA,NA,NA,NA,NA,NA,NA,NA,NA,NA,NA,NA,NA,NA,NA,NA,NA
NA,2022-08-29T22:51:43Z,1001802069,NA,tieasha.pierre,9,665599.4284493467,6052295.145942115,Johnny David,Spur,NA,NA,OTHER,FORD,22,5,NA,NA,NA,NA,NA,NA,NA,NA,NA,NA,NA,NA,Yes,No,NA,NA,NA,NA,NA,NA,NA,NA,NA,NA,NA,NA,NA,NA,NA,NA,2022-08-29T22:51:43Z,tieasha.pierre,NA,tieasha.pierre,23,NA,NA,NA,NA,NA,NA,NA,NA,NA,NA,NA,NA,NA,NA,NA,NA,NA,NA,NA,tieasha.pierre,NA,NA,NA,NA,NA,NA,NA,NA,NA,NA,NA,NA,NA,NA,NA,NA,NA,NA,NA,NA,NA,NA,NA,NA
NA,2022-09-05T07:00:00Z,NA,8301039,MateoW,9,567730.2871914033,6152762.356614031,NA,Helen 900 150,NA,NA,OTHER,FORD,8,3.5,NA,NA,NA,NA,NA,NA,NA,NA,NA,NA,NA,NA,NA,NA,NA,NA,NA,NA,NA,NA,NA,NA,NA,NA,NA,NA,"Located on small trail/road, stream is only accessible by walking",NA,NA,NA,2022-09-05T18:23:02Z,MateoW,NA,MateoW,NA,NA,NA,NA,NA,NA,NA,NA,NA,NA,NA,NA,NA,NA,NA,NA,NA,NA,NA,NA,MateoW,photos/TimePhoto_20220905_111341.jpg,photos/TimePhoto_20220905_111417.jpg,photos/TimePhoto_20220905_111420.jpg,photos/TimePhoto_20220905_111514.jpg,photos/TimePhoto_20220905_111517.jpg,photos/TimePhoto_20220905_111410.jpg,NA,NA,NA,NA,NA,NA,NA,NA,NA,NA,MateoW,NA,NA,66,"Small stream, good habitat with fines and gravely, and lots of cover and healthy riparian vegetation ",NA,NA,NA
NA,2022-09-05T07:00:00Z,NA,8300390,newgraph_airvine,9,570745.1212415885,6149438.013176033,Tributary to McCully Creek,Spur,0.5,NA,OTHER,FORD,5,5,NA,NA,NA,NA,NA,NA,NA,NA,NA,NA,NA,NA,NA,NA,NA,NA,NA,NA,NA,NA,NA,NA,NA,NA,NA,NA, Deactivated fur road. Ford is not in the same position as shown on the map.,NA,NA,NA,2000-02-01T21:08:00Z,newgraph_airvine,NA,newgraph_airvine,NA,NA,Yes,NA,NA,NA,NA,NA,NA,NA,NA,NA,NA,NA,NA,NA,NA,NA,NA,NA,newgraph_airvine,20220905_132342.jpg,20220905_132351.jpg,20220905_132354.jpg,20220905_132402.jpg,20220905_132358.jpg,20220905_132453.jpg,NA,NA,NA,NA,NA,NA,NA,NA,NA,NA,newgraph_airvine,NA,NA,41, Call wet draw with very steep natural slope downstream of historic Oregon Road. Not likely to use my face.          ,NA,NA,NA
NA,2022-09-06T07:00:00Z,NA,8300124,newgraph_airvine,9,533805.932616918,6176387.051843798,Tributary to Footsore Lake,Kispiox Valley Road,NA,NA,OTHER,FORD,3.5,2.2,NA,NA,NA,NA,NA,NA,NA,NA,NA,NA,NA,NA,NA,NA,NA,NA,NA,NA,NA,NA,NA,NA,NA,NA,NA,NA, Rode has been deactivated with crossing polled. Lots of love.          ,NA,NA,NA,2022-09-06T19:13:41Z,newgraph_airvine,NA,newgraph_airvine,NA,NA,NA,NA,NA,NA,NA,NA,NA,NA,NA,NA,NA,NA,NA,NA,NA,NA,NA,NA,newgraph_airvine,20220906_121721.jpg,20220906_121751.jpg,20220906_121754.jpg,20220906_121759.jpg,20220906_121756.jpg,20220906_121749.jpg,NA,NA,NA,NA,NA,NA,NA,NA,NA,NA,newgraph_airvine,MW,NA,44,NA,NA,NA,NA
NA,2022-09-26T07:00:00Z,NA,78964,NA,9,581806.0393920031,6156404.442881855,Mtcutcheon creek,Babine slide fsr,36,NA,OTHER,BRIDGE,4.8,10,NA,NA,NA,NA,NA,NA,NA,NA,NA,NA,NA,NA,NA,NA,NA,NA,NA,0,0,0,0,0,NA,NA,NA,NA,New structure and old structure was on the side of the road near bridge.,NA,NA,NA,2022-09-26T17:35:04Z,Jess’ iphone,NA,Josh’s garmin 60cx,NA,NA,NA,NA,NA,NA,NA,NA,NA,NA,NA,NA,NA,NA,NA,NA,NA,NA,NA,NA,NA,20220926_103852.jpg,20220926_103915.jpg,20220926_104031.jpg,20220926_103959.jpg,20220926_104040.jpg,20220926_103856.jpg,NA,NA,NA,NA,NA,NA,NA,NA,NA,NA,Jo,Jc ,NA,330,excellent habitat,NA,NA,NA
NA,2022-09-26T07:00:00Z,NA,NA,,9,583782.1286167916,6153478.728754604,Tributary to skeena,Babine slide fsr,34,NA,OTHER,BRIDGE,4.8,18,NA,NA,NA,NA,NA,NA,NA,NA,NA,NA,NA,NA,NA,NA,NA,NA,NA,0,0,0,0,0,NA,NA,NA,NA,NA,NA,NA,NA,2022-09-26T18:14:56Z,Jess iphone,NA,Josh’s garmin 60cx,NA,NA,NA,NA,NA,NA,NA,NA,NA,NA,NA,NA,NA,NA,NA,NA,NA,NA,NA,NA,,20220926_111940.jpg,20220926_112001.jpg,20220926_112051.jpg,20220926_112044.jpg,20220926_112030.jpg,20220926_111956.jpg,NA,NA,NA,NA,NA,NA,NA,NA,NA,NA,Jo,Jc,NA,331,Decent habitat,NA,NA,NA
NA,2022-09-26T07:00:00Z,NA,NA,,9,583847.8961602327,6153431.735273475,Distributary to skeena,Babine slide fsr,34,NA,OTHER,BRIDGE,4.8,10.6,NA,NA,NA,NA,NA,NA,NA,NA,NA,NA,NA,NA,NA,NA,NA,NA,NA,0,0,0,0,0,NA,NA,NA,NA,Retaining fencing installed on both side of streams. Black sediment fencing also installed,NA,NA,NA,2022-09-26T18:28:33Z,Jess’ iphone,NA,Josh’s garmin 60cx,NA,NA,NA,NA,NA,NA,NA,NA,NA,NA,NA,NA,NA,NA,NA,NA,NA,NA,NA,NA,,20220926_112933.jpg,20220926_112943.jpg,20220926_112949.jpg,20220926_113003.jpg,20220926_112959.jpg,20220926_112938.jpg,20220926_113008.jpg,NA,NA,NA,NA,NA,NA,NA,NA,NA,Jo,Jc,NA,332,"Stream is full of algae. Some type of disturbance upstream. Frequent flooding, vegetation is disturbed.",NA,NA,NA
NA,2022-08-27T07:00:00Z,NA,NA,newgraph_airvine,9,646976.4413907022,5954424.95962218,NA,NA,NA,NA,NA,NA,NA,NA,NA,NA,NA,NA,NA,NA,NA,NA,NA,NA,NA,NA,NA,NA,NA,NA,NA,NA,NA,NA,NA,NA,NA,NA,NA,NA, This is a test of the time fields.          ,NA,NA,NA,2000-02-01T08:00:00Z,newgraph_airvine,NA,newgraph_airvine,NA,NA,NA,NA,NA,NA,NA,NA,NA,NA,NA,NA,NA,NA,NA,NA,NA,NA,NA,NA,newgraph_airvine,NA,NA,NA,NA,NA,NA,NA,NA,NA,NA,NA,NA,NA,NA,NA,NA,NA,NA,NA,NA,NA,NA,NA,NA
NA,2022-08-29T15:37:52Z,1,NA,newgraph_airvine,9,659399.6279948112,5987918.095554424,NA,NA,NA,NA,NA,NA,NA,NA,NA,NA,NA,NA,NA,NA,NA,NA,NA,NA,NA,NA,NA,NA,NA,NA,NA,NA,NA,NA,NA,NA,NA,NA,NA,NA,NA,NA,NA,NA,2022-08-29T15:37:52Z,newgraph_airvine,NA,newgraph_airvine,NA,NA,NA,NA,NA,NA,NA,NA,NA,NA,NA,NA,NA,NA,NA,NA,NA,NA,NA,NA,newgraph_airvine,NA,NA,NA,NA,NA,NA,NA,NA,NA,NA,NA,NA,NA,NA,NA,NA,NA,NA,NA,NA,NA,NA,NA,NA
NA,2022-08-31T21:46:35Z,123426,NA,MateoW,9,943493.8859421981,1071285.8160291635,NA,NA,NA,NA,NA,NA,NA,NA,NA,NA,NA,NA,NA,NA,NA,NA,NA,NA,NA,NA,NA,NA,NA,NA,NA,NA,NA,NA,NA,NA,NA,NA,NA,NA,NA,NA,NA,NA,2022-08-31T21:46:35Z,MateoW,NA,MateoW,51,NA,NA,NA,NA,NA,NA,NA,NA,NA,NA,NA,NA,NA,NA,NA,NA,NA,NA,NA,MateoW,NA,NA,NA,NA,NA,NA,NA,NA,NA,NA,NA,NA,NA,NA,NA,NA,NA,NA,NA,NA,NA,NA,NA,NA
